App,Package,Start Time,Duration,Filename
"System",,"Aug 1, 2019 @ 12:52:57 PM","40 sec","Trepn_2019.08.01_125256.db"

Time  [ms],"Battery Status",Time  [ms],"Memory Usage [KB]",Time  [ms],"Battery Power* [uW] (Raw)","Battery Power* [uW] (Delta)",Time  [ms],"GPU Frequency [KHz]",Time  [ms],"GPU Load [%]",Time  [ms],"CPU1 Frequency [kHz]",Time  [ms],"CPU2 Frequency [kHz]",Time  [ms],"CPU3 Frequency [kHz]",Time  [ms],"CPU4 Frequency [kHz]",Time  [ms],"CPU5 Frequency [kHz]",Time  [ms],"CPU6 Frequency [kHz]",Time  [ms],"CPU7 Frequency [kHz]",Time  [ms],"CPU8 Frequency [kHz]",Time  [ms],"CPU1 Load [%]",Time  [ms],"CPU2 Load [%]",Time  [ms],"CPU3 Load [%]",Time  [ms],"CPU4 Load [%]",Time  [ms],"CPU5 Load [%]",Time  [ms],"CPU6 Load [%]",Time  [ms],"CPU7 Load [%]",Time  [ms],"CPU8 Load [%]",
21,3,11,2531080,19,2226907,1175175,26,0,27,0,94,1555200,12,1555200,14,1555200,16,1555200,17,1958400,20,1958400,22,1958400,24,1958400,10,61,13,40,15,27,17,8,19,100,21,54,23,0,25,0,
167,3,156,2537012,164,2105603,1053871,170,0,170,0,204,1555200,157,1555200,159,1555200,160,1555200,162,1958400,165,1958400,167,1958400,169,1958400,155,27,158,41,160,30,161,27,164,60,166,40,168,7,170,0,
217,3,207,2571680,215,3071009,2019277,221,0,221,0,304,1555200,207,1555200,209,1555200,211,1555200,213,1958400,215,1958400,217,1958400,219,1958400,206,75,209,60,211,75,213,60,215,60,216,20,218,20,221,0,
317,3,307,2578848,315,2133402,1081670,320,0,321,0,405,1555200,307,1555200,309,1555200,311,1555200,313,1958400,315,1958400,317,1958400,319,1958400,306,45,309,50,311,14,313,11,315,80,316,63,318,0,320,0,
418,3,407,2580084,416,2027700,975968,421,0,421,0,505,1555200,408,1555200,410,1555200,412,1555200,414,1958400,416,1958400,418,1958400,420,1958400,407,44,410,22,412,54,414,40,416,20,418,0,420,0,421,0,
519,3,508,2580892,517,1585711,533979,523,0,524,0,606,1248000,509,1555200,510,1555200,513,1555200,515,1958400,517,1958400,519,1958400,522,1958400,507,14,510,28,512,0,514,46,516,90,518,0,521,0,523,0,
618,3,608,2581992,616,832830,0,621,0,622,0,707,1555200,608,1248000,610,1248000,612,1248000,614,1958400,616,1958400,618,1958400,620,1958400,607,50,610,40,612,50,614,27,616,0,618,0,619,0,621,0,
720,3,709,2582044,718,1517707,465975,724,0,724,0,807,1555200,710,1555200,712,1555200,714,1555200,716,1824000,718,1824000,720,1824000,722,1824000,708,33,711,66,714,10,716,11,718,70,720,0,722,0,724,0,
820,3,810,2581920,818,1353505,301773,824,0,824,0,907,1555200,810,1555200,812,1555200,814,1555200,816,1958400,819,1958400,821,1958400,822,1958400,809,40,812,0,814,33,816,27,818,60,820,0,822,0,824,0,
918,3,909,2582892,916,1274052,222320,922,0,922,0,1008,1555200,910,1555200,912,1555200,913,1555200,915,633600,917,633600,918,633600,920,633600,909,50,911,37,913,55,915,33,916,11,918,0,920,0,921,0,
1022,3,1011,2583396,1020,1785005,733273,1026,0,1026,0,1108,1555200,1012,1555200,1014,1555200,1016,1555200,1018,1958400,1020,1958400,1022,1958400,1024,1958400,1010,54,1014,27,1016,10,1018,10,1020,100,1022,0,1024,0,1026,0,
1121,3,1111,2584864,1119,1438251,386519,1126,0,1126,0,1209,1555200,1111,1555200,1114,1555200,1116,1555200,1117,1958400,1120,1958400,1122,1958400,1124,1958400,1110,77,1113,50,1115,22,1117,22,1119,20,1121,100,1123,0,1125,0,
1223,3,1211,2586368,1220,2630902,1579170,1227,0,1228,0,1309,1555200,1212,1555200,1214,1555200,1216,1555200,1218,1958400,1220,1958400,1224,1958400,1226,1958400,1210,54,1213,41,1216,20,1218,30,1220,50,1223,100,1225,0,1227,0,
1321,3,1311,2587480,1319,2593583,1541851,1324,0,1325,0,1409,1555200,1312,1555200,1314,1555200,1316,1555200,1317,1958400,1319,1958400,1321,1958400,1323,1958400,1311,58,1313,11,1315,20,1317,36,1319,60,1320,100,1322,0,1324,0,
1422,3,1412,2590676,1420,2365783,1314051,1427,0,1427,0,1510,1555200,1412,1555200,1414,1555200,1417,1555200,1419,1958400,1421,1958400,1423,1958400,1425,1958400,1411,55,1414,45,1416,45,1418,37,1420,0,1422,44,1424,0,1426,0,
1523,3,1513,2591124,1521,2246067,1194335,1528,0,1528,0,1610,1555200,1513,1555200,1515,1555200,1517,1555200,1519,1958400,1521,1958400,1524,1958400,1526,1958400,1511,42,1515,33,1517,30,1519,10,1521,90,1523,0,1525,0,1527,0,
1626,3,1613,2590888,1624,1302019,250287,1630,0,1631,0,1711,1555200,1614,1555200,1616,1555200,1619,1555200,1622,1958400,1624,1958400,1626,1958400,1629,1958400,1612,66,1616,44,1618,22,1621,20,1624,20,1626,0,1628,0,1630,0,
1724,3,1713,2591460,1722,1375715,323983,1729,0,1729,0,1811,1555200,1714,1555200,1716,1555200,1718,1555200,1720,1536000,1722,1536000,1725,1824000,1727,1824000,1712,62,1715,40,1717,25,1719,11,1721,55,1724,0,1726,0,1728,0,
1821,3,1813,2589808,1820,1619299,567567,1826,0,1826,0,1912,1555200,1814,1555200,1815,1555200,1817,1555200,1818,1958400,1820,1958400,1822,1958400,1824,1958400,1813,36,1815,33,1817,10,1818,27,1820,81,1821,0,1824,0,1825,0,
1925,3,1914,2590444,1923,989472,0,1929,0,1929,0,2012,1555200,1915,1555200,1917,1555200,1919,1555200,1921,633600,1923,633600,1925,633600,1927,633600,1913,37,1916,37,1919,37,1921,27,1923,0,1925,0,1927,0,1929,0,
2024,3,2015,2590444,2022,1296633,244901,2028,0,2028,0,2112,1478400,2015,1555200,2017,1555200,2018,1555200,2020,1824000,2022,1824000,2025,1958400,2026,1958400,2014,33,2016,27,2018,20,2020,0,2022,77,2024,0,2026,0,2028,0,
2126,3,2115,2590304,2124,1327213,275481,2130,0,2131,0,2213,1555200,2116,1478400,2118,1478400,2120,1478400,2122,1958400,2124,1958400,2127,1958400,2129,1958400,2114,50,2117,20,2119,30,2122,0,2124,63,2126,0,2128,0,2130,0,
2225,3,2216,2591104,2223,1283446,231714,2228,0,2229,0,2313,1555200,2216,1555200,2218,1555200,2219,1555200,2221,1958400,2223,1958400,2225,1958400,2227,1958400,2215,55,2217,50,2219,30,2221,44,2222,0,2225,0,2226,0,2228,0,
2327,3,2316,2591076,2325,1456650,404918,2331,0,2331,0,2414,1555200,2317,1555200,2319,1555200,2321,1555200,2323,1958400,2325,1958400,2327,1958400,2329,1958400,2315,27,2319,25,2321,0,2322,18,2324,90,2326,0,2328,0,2330,0,
2426,3,2416,2590356,2424,1183772,132040,2430,0,2431,0,2514,1555200,2417,1555200,2419,1555200,2420,1555200,2422,1958400,2424,1958400,2427,1958400,2428,1958400,2416,33,2418,37,2420,20,2422,10,2424,44,2426,0,2428,0,2430,0,
2529,3,2517,2591108,2526,992665,0,2533,0,2534,0,2614,1555200,2518,1555200,2520,1555200,2522,1555200,2524,633600,2527,633600,2529,633600,2531,633600,2516,70,2519,33,2521,33,2524,0,2526,10,2528,0,2531,0,2533,0,
2635,3,2617,2591056,2633,1491031,439299,2639,0,2640,0,2715,1555200,2617,1555200,2619,1555200,2620,1555200,2622,1958400,2634,1958400,2636,1958400,2638,1958400,2616,37,2618,11,2620,12,2621,0,2633,100,2635,9,2637,0,2639,0,
2728,3,2718,2588280,2726,1110776,59044,2733,0,2734,0,2815,1555200,2718,1555200,2720,1555200,2722,1555200,2724,633600,2726,633600,2729,633600,2731,633600,2717,70,2720,37,2722,10,2724,18,2726,27,2728,0,2730,0,2733,0,
2825,3,2817,2588936,2824,1333296,281564,2829,0,2829,0,2916,384000,2818,1555200,2819,1555200,2821,1555200,2822,1248000,2824,1248000,2826,1248000,2827,1248000,2817,70,2819,41,2820,30,2822,22,2823,33,2825,0,2827,0,2828,0,
2945,3,2923,2588936,2941,996704,0,2952,0,2954,0,3016,1344000,2924,384000,2929,384000,2934,600000,2938,1958400,2942,1958400,2946,1958400,2949,1958400,2920,20,2928,0,2933,16,2937,0,2941,91,2945,0,2949,0,2952,0,
3034,3,3022,2589264,3031,1086333,34601,3037,0,3037,0,3117,1555200,3022,1344000,3025,1344000,3028,1344000,3030,1824000,3031,1824000,3034,1248000,3036,1248000,3021,75,3025,62,3027,40,3030,16,3031,0,3034,0,3035,0,3036,0,
3124,3,3118,2589700,3123,2945755,1894023,3110,305000,3126,0,3219,1555200,3118,1555200,3119,1555200,3120,1555200,3121,1824000,3123,1824000,3124,1824000,3125,1824000,3117,88,3119,75,3120,77,3121,70,3123,77,3124,100,3125,77,3126,75,
3226,3,3221,2589008,3225,3423890,2372158,3126,305000,3228,0,3320,1555200,3221,1555200,3222,1555200,3223,1555200,3224,1824000,3225,1824000,3226,1824000,3227,1824000,3220,30,3222,12,3223,12,3224,11,3225,63,3226,70,3227,50,3227,72,
3326,3,3321,2584680,3325,3125609,2073877,3228,180000,3328,0,3421,1555200,3322,1555200,3322,1555200,3324,1555200,3324,1824000,3325,1824000,3326,1824000,3327,1824000,3321,72,3322,36,3323,0,3324,11,3325,50,3326,50,3327,50,3327,41,
3426,3,3422,2590968,3425,2914080,1862348,3328,180000,3428,0,3521,1248000,3422,1555200,3423,1555200,3424,1555200,3425,1824000,3425,1824000,3426,1824000,3427,1824000,3421,37,3423,20,3424,0,3425,60,3425,80,3426,66,3427,30,3427,10,
3526,3,3522,2593076,3525,1533392,481660,3428,180000,3527,0,3622,1555200,3523,1248000,3523,1248000,3524,1248000,3525,1824000,3525,1824000,3526,1824000,3526,1824000,3522,20,3523,25,3524,20,3524,9,3525,18,3526,20,3526,10,3527,18,
3627,3,3623,2593276,3626,1290307,238575,3527,180000,3629,0,3722,1248000,3623,1555200,3624,1555200,3625,1555200,3626,1824000,3627,1824000,3627,1824000,3628,1824000,3623,55,3624,12,3625,27,3626,10,3626,10,3627,40,3628,10,3629,0,
3729,3,3724,2593704,3728,613267,0,3629,180000,3731,0,3823,1555200,3724,1248000,3725,1248000,3726,1248000,3727,1824000,3728,1824000,3729,1824000,3730,1824000,3723,0,3725,0,3726,10,3727,0,3728,10,3729,100,3729,0,3730,0,
3827,3,3824,2593864,3827,1919944,868212,3730,180000,3829,0,3924,1555200,3824,1555200,3825,1555200,3825,1555200,3826,1824000,3827,1824000,3828,1824000,3828,1824000,3823,50,3825,30,3825,10,3826,18,3827,22,3827,0,3828,0,3829,0,
3933,3,3928,2594388,3932,1100465,48733,3829,180000,3935,0,4024,1555200,3928,1555200,3929,1555200,3930,1555200,3931,1824000,3932,1824000,3933,1824000,3934,1824000,3927,50,3929,27,3930,11,3931,0,3932,50,3933,20,3934,9,3935,0,
4028,3,4025,2593460,4028,1332874,281142,3935,180000,4030,0,4124,1555200,4025,1248000,4026,1248000,4027,1248000,4027,1824000,4028,1824000,4029,1824000,4029,1824000,4025,10,4026,10,4026,0,4027,0,4028,100,4028,20,4029,0,4030,0,
4130,3,4126,2594408,4129,998019,0,4030,180000,4132,0,4225,1555200,4126,1555200,4127,1555200,4128,1555200,4128,1536000,4129,1536000,4130,1536000,4131,1536000,4125,37,4127,45,4127,20,4128,11,4129,0,4130,0,4130,0,4131,0,
4231,3,4226,2594260,4230,553473,0,4131,180000,4233,0,4325,1248000,4227,1555200,4228,1555200,4229,1555200,4230,1824000,4231,1824000,4231,1824000,4232,1824000,4226,20,4228,10,4229,11,4230,10,4230,20,4231,9,4232,88,4233,0,
4330,3,4327,2594080,4329,1245314,193582,4233,180000,4331,0,4426,1555200,4327,1248000,4327,1248000,4328,1248000,4329,1824000,4329,1824000,4330,1824000,4330,1824000,4326,0,4327,20,4328,0,4328,0,4329,25,4330,0,4330,70,4331,0,
4431,3,4427,2595068,4430,1388646,336914,4331,180000,4432,0,4526,1555200,4427,1555200,4428,1555200,4429,1555200,4429,1824000,4430,1824000,4431,1824000,4431,1824000,4426,50,4428,22,4428,30,4429,0,4430,0,4431,0,4431,0,4432,0,
4532,3,4528,2594872,4531,430893,0,4432,180000,4534,0,4627,1248000,4528,1555200,4529,1555200,4529,1555200,4530,1824000,4531,1824000,4532,1824000,4533,1824000,4527,27,4528,20,4529,0,4530,0,4531,10,4532,54,4533,10,4534,50,
4631,3,4628,2594936,4631,1592383,540651,4534,180000,4633,0,4727,1555200,4628,1248000,4629,1248000,4630,1248000,4630,1824000,4631,1824000,4632,1824000,4632,1824000,4627,22,4629,0,4629,36,4630,9,4631,20,4631,0,4632,0,4633,44,
4737,3,4730,2595868,4736,1417892,366160,4633,180000,4740,0,4828,1555200,4730,1555200,4732,1555200,4734,1555200,4735,1248000,4736,1248000,4737,1248000,4738,1248000,4729,40,4731,44,4733,0,4735,45,4736,16,4737,18,4738,0,4739,20,
4834,3,4829,2593712,4832,411779,0,4740,180000,4835,0,4928,1555200,4829,1555200,4830,1555200,4831,1555200,4832,1824000,4832,1824000,4834,1824000,4834,1824000,4829,11,4830,11,4831,0,4831,9,4832,0,4834,22,4834,0,4835,100,
4933,3,4930,2593080,4932,2171585,1119853,4835,180000,4934,0,5029,1555200,4930,1555200,4930,1555200,4931,1555200,4932,1824000,4932,1824000,4933,1824000,4934,1824000,4929,60,4930,40,4931,30,4931,0,4932,10,4933,0,4933,0,4934,33,
5036,3,5031,2593364,5035,1076735,25003,4934,180000,5039,0,5129,1555200,5031,1555200,5033,1555200,5034,1555200,5035,1824000,5036,1824000,5037,1824000,5037,1824000,5030,58,5032,18,5034,10,5035,0,5035,16,5036,0,5037,0,5038,60,
5167,3,5164,2593236,5167,1043793,0,5038,180000,5169,0,5230,1555200,5164,1555200,5165,1555200,5166,1555200,5166,1824000,5167,1824000,5167,1824000,5168,1824000,5163,25,5165,28,5165,14,5166,0,5167,0,5167,0,5168,0,5168,61,
5238,3,5232,2594064,5237,2890390,1838658,5169,180000,5242,0,5330,1555200,5232,1555200,5233,1555200,5234,1555200,5236,960000,5237,960000,5238,960000,5240,960000,5231,100,5233,83,5234,71,5235,50,5237,42,5238,16,5239,0,5241,0,
5336,3,5331,2594492,5335,2353155,1301423,5241,180000,5338,0,5430,1555200,5332,1555200,5333,1555200,5333,1555200,5334,1824000,5335,1824000,5336,1824000,5337,1824000,5331,63,5332,62,5333,45,5334,33,5335,90,5336,10,5337,11,5338,40,
5435,3,5432,2598312,5434,2688165,1636433,5338,180000,5436,48,5531,1555200,5432,1555200,5433,1555200,5433,1555200,5434,1824000,5434,1824000,5435,1824000,5436,1824000,5431,66,5432,55,5433,66,5434,36,5434,55,5435,18,5435,10,5436,10,
5542,3,5533,2599460,5540,2010210,958478,5436,180000,5545,48,5631,1555200,5534,1555200,5535,1555200,5537,1555200,5539,864000,5540,864000,5542,864000,5544,1248000,5532,63,5535,45,5537,30,5538,22,5540,10,5542,0,5543,16,5545,0,
5636,3,5633,2599264,5636,2759693,1707961,5545,180000,5638,48,5732,1248000,5633,1555200,5634,1555200,5634,1555200,5635,1824000,5636,1824000,5636,1824000,5637,1824000,5632,69,5633,41,5634,38,5635,33,5635,100,5636,20,5637,11,5638,11,
5737,3,5733,2598872,5736,1904211,852479,5638,180000,5738,48,5833,1478400,5734,1248000,5734,1248000,5735,1248000,5736,1824000,5736,1824000,5737,1824000,5737,1824000,5733,50,5734,41,5735,22,5735,11,5736,44,5737,9,5737,9,5738,0,
5842,3,5835,2599692,5841,1945325,893593,5738,180000,5845,0,5933,1555200,5836,1478400,5837,1478400,5838,1478400,5840,864000,5841,864000,5842,864000,5844,1248000,5834,72,5837,55,5838,45,5839,25,5841,0,5842,0,5843,10,5844,0,
5940,3,5935,2600628,5940,2243161,1191429,5845,180000,5942,0,6034,1555200,5936,1555200,5937,1555200,5938,1555200,5939,1824000,5940,1824000,5941,1824000,5941,1824000,5934,55,5937,54,5938,33,5939,36,5939,100,5940,37,5941,0,5942,0,
6039,3,6036,2600620,6038,1521304,469572,5942,180000,6040,0,6135,1555200,6036,1555200,6036,1555200,6037,1555200,6038,1824000,6038,1824000,6039,1824000,6039,1824000,6035,11,6036,44,6037,20,6037,18,6038,54,6039,10,6039,0,6040,0,
6143,3,6137,2601676,6142,1626718,574986,6040,180000,6146,0,6235,1555200,6137,1555200,6138,1555200,6140,1555200,6141,864000,6142,864000,6143,864000,6145,864000,6136,71,6138,45,6139,50,6140,40,6142,20,6143,0,6144,10,6145,0,
6242,3,6237,2601624,6241,1569173,517441,6146,180000,6243,0,6336,1555200,6237,1555200,6238,1555200,6239,1555200,6240,1824000,6241,1824000,6242,1824000,6242,1824000,6236,40,6238,11,6239,22,6240,11,6241,100,6241,0,6242,0,6243,0,
6341,3,6337,2600936,6340,1024835,0,6243,180000,6342,0,6436,1555200,6338,1555200,6338,1555200,6339,1555200,6340,1824000,6340,1824000,6341,1824000,6341,1824000,6337,50,6338,12,6339,10,6339,12,6340,45,6341,0,6341,10,6342,0,
6445,3,6439,2602284,6444,1096131,44399,6342,180000,6447,0,6537,1555200,6439,1555200,6440,1555200,6442,1555200,6443,864000,6444,1248000,6445,1248000,6446,1248000,6438,60,6440,41,6441,20,6442,11,6444,20,6445,0,6446,9,6446,0,
6544,3,6539,2602284,6543,1206151,154419,6447,180000,6546,0,6637,1555200,6539,1555200,6540,1555200,6541,1555200,6542,1824000,6543,1824000,6544,1824000,6545,1824000,6538,12,6540,10,6541,9,6542,0,6543,100,6543,10,6544,52,6545,0,
6642,3,6639,2601304,6641,1431689,379957,6545,180000,6644,0,6738,1555200,6639,1555200,6640,1555200,6640,1555200,6641,1824000,6642,1824000,6642,1824000,6643,1824000,6638,12,6640,30,6640,0,6641,11,6641,50,6642,0,6643,0,6643,0,
6746,3,6740,2602244,6745,962955,0,6643,180000,6748,0,6838,1248000,6741,1555200,6742,1555200,6743,1555200,6744,1248000,6745,1248000,6746,1248000,6747,1248000,6739,60,6742,30,6743,11,6744,18,6745,22,6746,0,6747,18,6747,0,
6845,3,6841,2599892,6844,1283098,231366,6748,180000,6847,0,6939,1248000,6841,1248000,6842,1248000,6842,1248000,6843,1824000,6844,1824000,6845,1824000,6846,1824000,6839,33,6842,0,6842,0,6843,18,6844,100,6845,0,6846,10,6846,0,
6944,3,6941,2599356,6944,838536,0,6847,180000,6946,0,7039,1555200,6941,1248000,6942,1248000,6942,1248000,6943,1824000,6944,1824000,6945,1824000,6945,1824000,6940,22,6942,27,6942,25,6943,0,6944,40,6944,0,6945,10,6946,0,
7047,3,7041,2600040,7046,1262283,210551,6946,180000,7049,0,7140,1555200,7042,1555200,7043,1555200,7044,1555200,7045,1248000,7046,1248000,7047,1248000,7048,1248000,7040,60,7043,46,7044,12,7045,22,7045,33,7046,0,7047,10,7048,0,
7146,3,7142,2600288,7145,1060566,8834,7048,180000,7147,0,7240,1555200,7142,1555200,7143,1555200,7143,1555200,7144,1824000,7145,1824000,7146,1824000,7146,1824000,7141,10,7142,0,7143,0,7144,0,7145,100,7146,0,7146,10,7147,0,
7245,3,7242,2599868,7245,1208017,156285,7147,180000,7247,0,7341,1555200,7242,1555200,7243,1555200,7244,1555200,7244,1824000,7245,1824000,7246,1824000,7246,1824000,7241,58,7243,25,7244,20,7244,0,7245,40,7245,0,7246,9,7247,0,
7349,3,7344,2598596,7348,1862972,811240,7247,180000,7351,0,7442,1555200,7344,1555200,7345,1555200,7346,1555200,7347,1248000,7348,1248000,7349,1248000,7350,1248000,7342,77,7345,50,7346,63,7347,33,7348,36,7349,20,7350,10,7351,0,
7448,3,7444,2601852,7448,2414384,1362652,7351,180000,7450,0,7543,1555200,7444,1555200,7445,1555200,7446,1555200,7447,1824000,7448,1824000,7448,1824000,7449,1824000,7443,66,7445,55,7446,55,7447,22,7447,90,7448,0,7449,10,7450,10,
7548,3,7544,2601328,7547,1482878,431146,7450,180000,7549,0,7644,1555200,7544,1555200,7545,1555200,7546,1555200,7546,1824000,7547,1824000,7548,1824000,7548,1824000,7544,60,7545,36,7546,27,7546,0,7547,44,7548,9,7548,0,7549,9,
7654,3,7646,2602792,7652,1599864,548132,7549,180000,7659,31,7744,1555200,7647,1555200,7649,1555200,7650,1555200,7651,864000,7653,864000,7654,1248000,7657,1248000,7646,55,7648,46,7650,54,7651,36,7652,22,7654,0,7656,10,7658,0,
7749,3,7745,2600560,7748,2280062,1228330,7658,180000,7750,31,7844,1555200,7745,1555200,7746,1555200,7747,1555200,7747,1824000,7748,1824000,7749,1824000,7750,1824000,7745,50,7746,40,7747,22,7747,25,7748,100,7749,40,7749,0,7750,0,
7849,3,7846,2599664,7848,1712568,660836,7750,180000,7850,31,7945,1555200,7846,1555200,7846,1555200,7847,1555200,7848,1824000,7848,1824000,7849,1824000,7849,1824000,7845,25,7846,40,7847,11,7848,15,7848,40,7849,0,7849,0,7850,0,
7954,3,7947,2600300,7953,1579999,528267,7850,180000,7956,0,8045,1555200,7948,1555200,7949,1555200,7950,1555200,7952,864000,7953,1248000,7954,1248000,7955,1248000,7947,63,7949,30,7950,60,7952,20,7953,11,7954,9,7955,10,7956,0,
8051,3,8047,2603092,8050,2396353,1344621,7956,180000,8054,0,8146,1555200,8047,1555200,8048,1555200,8049,1555200,8050,1824000,8050,1824000,8052,1824000,8053,1824000,8046,88,8048,75,8049,83,8049,75,8050,0,8051,100,8052,0,8053,20,
8150,3,8147,2592628,8150,2582323,1530591,8054,180000,8152,0,8247,1555200,8147,1555200,8148,1555200,8149,1555200,8149,1824000,8150,1824000,8151,1824000,8151,1824000,8147,66,8148,61,8149,40,8149,36,8150,0,8150,30,8151,10,8152,30,
8253,3,8248,2592704,8252,1266434,214702,8152,180000,8255,0,8347,1555200,8249,1555200,8249,1555200,8250,1555200,8251,1248000,8252,1248000,8253,1536000,8254,1536000,8248,55,8249,11,8250,12,8251,0,8252,10,8253,0,8254,40,8255,0,
8352,3,8348,2592952,8351,819349,0,8255,180000,8354,0,8447,1555200,8348,1555200,8349,1555200,8350,1555200,8351,1824000,8351,1824000,8352,1824000,8353,1824000,8348,36,8349,0,8350,10,8351,16,8351,10,8352,0,8353,100,8354,0,
8452,3,8449,2593300,8451,1728393,676661,8354,180000,8454,0,8548,1555200,8449,1555200,8450,1555200,8450,1555200,8451,1824000,8452,1824000,8452,1824000,8453,1824000,8448,40,8449,36,8450,10,8451,11,8451,10,8452,0,8453,20,8454,0,
8556,3,8550,2593832,8555,1313783,262051,8454,180000,8558,0,8648,1555200,8550,1555200,8552,1555200,8553,1555200,8554,1248000,8555,1248000,8556,1248000,8557,1248000,8549,62,8551,30,8553,30,8554,10,8555,36,8556,10,8557,0,8557,0,
8654,3,8650,2594144,8653,1060566,8834,8558,180000,8656,0,8749,1555200,8650,1555200,8651,1555200,8651,1555200,8652,1824000,8653,1824000,8654,1824000,8655,1824000,8649,10,8650,0,8651,0,8652,0,8653,100,8654,10,8654,0,8655,0,
8753,3,8750,2593360,8752,1021594,0,8655,180000,8755,0,8849,1555200,8750,1555200,8751,1555200,8751,1555200,8752,1824000,8753,1824000,8753,1824000,8754,1824000,8749,44,8751,33,8751,0,8752,0,8752,40,8753,10,8754,0,8754,0,
8857,3,8851,2594032,8856,910328,0,8755,180000,8859,0,8949,1555200,8852,1555200,8853,1555200,8854,1555200,8855,1248000,8856,1248000,8857,1248000,8858,1248000,8850,63,8853,10,8854,20,8855,0,8856,30,8857,9,8858,0,8858,0,
8955,3,8951,2593836,8954,1320872,269140,8859,180000,8957,0,9050,1555200,8951,1555200,8952,1555200,8953,1555200,8953,1824000,8954,1824000,8955,1824000,8956,1824000,8950,37,8952,10,8952,0,8953,0,8954,100,8955,10,8956,0,8956,0,
9055,3,9051,2593500,9054,833973,0,8957,180000,9057,0,9150,1555200,9052,1555200,9052,1555200,9053,1555200,9054,1824000,9054,1824000,9055,1824000,9055,1824000,9051,18,9052,22,9053,0,9053,20,9054,33,9055,10,9055,0,9056,0,
9159,3,9152,2593628,9158,1167832,116100,9056,180000,9162,0,9251,1248000,9153,1555200,9154,1555200,9155,1555200,9157,864000,9158,864000,9160,864000,9161,864000,9152,75,9154,25,9155,12,9156,30,9158,20,9159,10,9161,0,9162,0,
9256,3,9252,2593548,9255,1016755,0,9162,180000,9258,0,9351,1555200,9252,1248000,9253,1248000,9254,1248000,9255,1824000,9256,1824000,9256,1824000,9257,1824000,9252,0,9253,10,9254,0,9255,0,9255,100,9256,18,9257,0,9258,0,
9356,3,9352,2593128,9355,1275966,224234,9258,180000,9357,0,9451,1555200,9353,1555200,9353,1555200,9354,1555200,9354,1824000,9355,1824000,9356,1824000,9356,1824000,9352,37,9353,30,9354,25,9354,10,9355,40,9356,10,9356,0,9357,0,
9458,3,9454,2593364,9457,913453,0,9357,180000,9460,0,9552,1555200,9454,1555200,9455,1555200,9456,1555200,9457,1248000,9458,1248000,9458,1248000,9459,1248000,9453,61,9455,27,9455,11,9456,0,9457,22,9458,10,9459,0,9460,0,
9557,3,9553,2593596,9556,1619833,568101,9460,180000,9559,0,9653,1248000,9553,1555200,9554,1555200,9555,1555200,9556,1824000,9556,1824000,9557,1824000,9558,1824000,9553,66,9554,22,9555,0,9555,0,9556,100,9557,9,9558,0,9558,0,
9660,3,9656,2593016,9659,735246,0,9559,180000,9661,0,9753,1555200,9656,1248000,9657,1248000,9658,1248000,9658,1824000,9659,1824000,9660,1824000,9660,1824000,9655,25,9657,41,9657,0,9658,8,9659,30,9660,10,9660,0,9661,0,
9761,3,9755,2593040,9760,1465386,413654,9661,180000,9764,0,9854,1555200,9756,1555200,9757,1555200,9758,1555200,9759,864000,9760,864000,9762,864000,9763,864000,9755,70,9757,36,9758,44,9759,37,9760,11,9761,0,9763,0,9764,0,
9859,3,9855,2593844,9858,1225798,174066,9764,180000,9861,0,9954,1555200,9855,1555200,9856,1555200,9857,1555200,9858,1824000,9858,1824000,9859,1824000,9860,1824000,9855,30,9856,0,9857,10,9858,0,9858,100,9859,10,9860,0,9861,0,
9959,3,9956,2593536,9958,1032694,0,9861,180000,9960,0,10055,1555200,9956,1555200,9956,1555200,9957,1555200,9958,1824000,9958,1824000,9959,1824000,9960,1824000,9955,22,9956,10,9957,10,9958,30,9958,45,9959,0,9959,0,9960,0,
10063,3,10057,2594396,10062,964789,0,9960,180000,10065,0,10155,1555200,10057,1555200,10058,1555200,10060,1555200,10061,864000,10062,864000,10063,1248000,10064,1248000,10056,40,10058,44,10059,22,10060,20,10062,22,10063,0,10064,0,10065,0,
10161,3,10157,2594320,10160,1175608,123876,10065,180000,10162,0,10255,1555200,10157,1555200,10158,1555200,10158,1555200,10159,1824000,10160,1824000,10161,1824000,10161,1824000,10156,14,10157,0,10158,10,10159,9,10160,100,10161,10,10161,0,10162,0,
10260,3,10257,2593840,10260,1004013,0,10162,180000,10262,0,10356,1555200,10257,1555200,10258,1555200,10258,1555200,10259,1824000,10260,1824000,10260,1824000,10261,1824000,10256,46,10258,22,10258,0,10259,0,10259,45,10260,0,10261,0,10261,0,
10364,3,10358,2594472,10363,1032493,0,10261,180000,10367,0,10456,1555200,10358,1555200,10359,1555200,10361,1555200,10362,864000,10363,864000,10365,864000,10366,864000,10357,60,10359,44,10360,20,10362,20,10363,0,10364,9,10365,0,10367,0,
10462,3,10458,2592524,10461,2290563,1238831,10367,180000,10464,0,10558,1555200,10458,1555200,10459,1555200,10460,1555200,10461,1824000,10462,1824000,10463,1824000,10463,1824000,10457,75,10459,44,10460,33,10461,33,10461,100,10462,30,10463,0,10464,0,
10562,3,10559,2593652,10561,1661798,610066,10464,180000,10564,0,10658,1555200,10559,1555200,10560,1555200,10560,1555200,10561,1824000,10562,1824000,10562,1824000,10563,1824000,10558,60,10560,45,10560,12,10561,10,10561,50,10562,20,10563,0,10563,10,
10668,3,10661,2595180,10666,1576567,524835,10564,180000,10671,0,10758,1555200,10661,1555200,10663,1555200,10664,1555200,10665,1440000,10666,1440000,10668,1440000,10669,1440000,10660,72,10662,14,10664,44,10665,33,10666,20,10668,9,10669,9,10670,10,
10764,3,10760,2593416,10763,2033368,981636,10670,180000,10765,0,10859,1555200,10760,1555200,10761,1555200,10761,1555200,10762,1824000,10763,1824000,10764,1824000,10764,1824000,10759,50,10761,36,10761,22,10762,20,10763,100,10763,10,10764,11,10765,20,
10863,3,10860,2592728,10863,1356392,304660,10765,180000,10865,0,10959,1555200,10860,1555200,10861,1555200,10862,1555200,10862,1824000,10863,1824000,10864,1824000,10864,1824000,10860,25,10861,33,10861,12,10862,0,10863,50,10863,0,10864,0,10865,18,
10967,3,10961,2593364,10966,1322763,271031,10865,180000,10969,0,11060,1555200,10962,1555200,10963,1555200,10964,1555200,10965,1248000,10966,1248000,10967,1248000,10968,1248000,10961,54,10963,55,10964,27,10965,11,10966,20,10967,0,10968,0,10968,10,
11065,3,11061,2593168,11065,1139437,87705,10969,180000,11067,0,11160,1555200,11061,1555200,11062,1555200,11063,1555200,11064,1824000,11065,1824000,11065,1824000,11066,1824000,11061,11,11062,10,11063,0,11064,0,11064,100,11065,0,11066,0,11067,10,
11165,3,11162,2592292,11164,1129146,77414,11067,180000,11166,0,11261,1555200,11162,1555200,11162,1555200,11163,1555200,11164,1824000,11164,1824000,11165,1824000,11166,1824000,11161,45,11162,27,11163,0,11164,20,11164,40,11165,0,11165,0,11166,10,
11268,3,11263,2592956,11267,1025370,0,11166,180000,11270,0,11361,1555200,11263,1555200,11264,1555200,11265,1555200,11266,1248000,11267,1248000,11268,1248000,11269,1248000,11262,33,11264,36,11265,11,11266,36,11267,20,11268,0,11269,0,11270,9,
11366,3,11362,2593104,11366,1363893,312161,11270,180000,11368,0,11462,1478400,11363,1555200,11364,1555200,11364,1555200,11365,1824000,11366,1824000,11367,1824000,11367,1824000,11362,33,11363,20,11364,0,11365,0,11365,100,11366,0,11367,0,11368,10,
11467,3,11463,2592764,11466,739803,0,11368,180000,11468,0,11562,1555200,11463,1478400,11464,1478400,11465,1478400,11465,1824000,11466,1824000,11467,1824000,11468,1824000,11462,11,11464,30,11465,10,11465,0,11466,33,11467,0,11467,0,11468,10,
11568,3,11564,2593416,11567,1392366,340634,11468,180000,11570,0,11662,1555200,11564,1555200,11565,1555200,11566,1555200,11567,1536000,11568,1536000,11568,1536000,11569,1536000,11563,63,11565,12,11566,33,11567,30,11567,44,11568,10,11569,0,11570,0,
11669,3,11664,2593416,11668,1217153,165421,11570,180000,11671,0,11763,1555200,11665,1555200,11666,1555200,11667,1555200,11668,1824000,11668,1824000,11669,1824000,11670,1824000,11663,10,11665,0,11666,9,11667,10,11668,100,11669,0,11670,0,11671,0,
11768,3,11764,2592900,11767,934687,0,11671,180000,11769,0,11863,1248000,11765,1555200,11765,1555200,11766,1555200,11766,1824000,11767,1824000,11768,1824000,11768,1824000,11764,42,11765,20,11766,22,11766,11,11767,27,11768,9,11768,0,11769,0,
11869,3,11865,2592952,11868,483470,0,11769,180000,11871,0,11964,1248000,11865,1248000,11866,1248000,11867,1248000,11867,1824000,11868,1824000,11869,1824000,11870,1824000,11864,50,11866,20,11867,10,11867,0,11868,0,11869,55,11870,0,11870,0,
11970,3,11965,2592952,11969,1000187,0,11871,180000,11972,0,12064,1555200,11966,1248000,11967,1248000,11968,1248000,11968,1824000,11969,1824000,11970,1824000,11971,1824000,11965,44,11966,20,11967,33,11968,0,11969,0,11970,100,11971,0,11971,0,
12069,3,12066,2592536,12068,1691855,640123,11972,180000,12071,0,12164,1555200,12066,1555200,12067,1555200,12067,1555200,12068,1824000,12068,1824000,12069,1824000,12070,1824000,12065,41,12066,46,12067,18,12068,0,12068,0,12069,0,12070,0,12070,0,
12171,3,12166,2593560,12170,1423120,371388,12070,180000,12173,0,12265,1555200,12167,1555200,12168,1555200,12168,1555200,12169,1824000,12170,1824000,12171,1824000,12172,1824000,12166,50,12167,25,12168,22,12169,36,12170,50,12171,0,12172,0,12172,0,
12270,3,12266,2592780,12269,1189948,138216,12172,180000,12271,0,12366,1555200,12267,1555200,12267,1555200,12268,1555200,12269,1824000,12269,1824000,12270,1824000,12270,1824000,12266,10,12267,16,12268,0,12268,9,12269,100,12270,10,12270,0,12271,0,
12374,3,12368,2592976,12373,1198094,146362,12271,180000,12377,0,12466,1555200,12368,1555200,12369,1555200,12371,1555200,12372,864000,12373,864000,12374,864000,12375,864000,12367,66,12369,30,12370,22,12371,36,12372,0,12374,10,12375,0,12376,0,
12473,3,12468,2593500,12472,1280091,228359,12376,180000,12476,0,12566,1555200,12468,1555200,12469,1555200,12470,1555200,12471,1536000,12472,1536000,12474,1824000,12475,1824000,12467,50,12469,22,12470,27,12471,11,12472,66,12473,10,12474,0,12475,0,
12572,3,12568,2593500,12571,1224323,172591,12476,180000,12574,0,12667,1555200,12568,1555200,12569,1555200,12570,1555200,12571,1824000,12572,1824000,12572,1824000,12573,1824000,12567,12,12569,18,12570,0,12571,0,12571,100,12572,0,12573,0,12574,0,
12672,3,12668,2593024,12671,724867,0,12574,180000,12673,0,12769,1555200,12669,1555200,12669,1555200,12670,1555200,12671,1824000,12671,1824000,12672,1824000,12672,1824000,12668,25,12669,45,12670,18,12670,0,12671,10,12672,10,12672,0,12673,0,
12778,3,12773,2591532,12777,1343583,291851,12673,180000,12780,0,12818,1555200,12773,1555200,12775,1555200,12776,1555200,12776,1824000,12777,1824000,12778,1824000,12779,1824000,12772,40,12774,10,12775,20,12776,10,12777,72,12778,16,12779,0,12780,0,
12824,3,12820,2591532,12823,1089234,37502,12780,180000,12825,0,12918,1555200,12820,1555200,12821,1555200,12821,1555200,12822,1824000,12823,1824000,12824,1824000,12824,1824000,12819,0,12820,0,12821,0,12822,0,12823,100,12824,25,12824,0,12825,0,
12923,3,12920,2591584,12922,1385405,333673,12825,180000,12925,0,13019,1555200,12920,1555200,12921,1555200,12921,1555200,12922,1824000,12923,1824000,12923,1824000,12924,1824000,12919,45,12921,40,12921,0,12922,10,12922,50,12923,9,12924,0,12924,0,
13028,3,13021,2592040,13026,1080362,28630,12925,180000,13031,0,13119,1555200,13021,1555200,13023,1555200,13024,1555200,13025,864000,13026,864000,13028,864000,13029,864000,13020,72,13022,27,13024,36,13025,0,13026,10,13027,10,13029,0,13030,0,
13124,3,13121,2591572,13124,1891827,840095,13030,180000,13126,0,13220,1555200,13121,1555200,13121,1555200,13122,1555200,13123,1824000,13124,1824000,13125,1824000,13125,1824000,13120,75,13121,36,13122,0,13123,18,13124,100,13124,20,13125,0,13126,10,
13224,3,13221,2590876,13224,1266754,215022,13126,180000,13226,0,13320,1555200,13221,1555200,13222,1555200,13223,1555200,13223,1824000,13224,1824000,13224,1824000,13225,1824000,13221,55,13222,30,13222,0,13223,0,13224,40,13224,10,13225,0,13226,0,
13329,3,13322,2591752,13328,1259451,207719,13226,180000,13332,0,13420,1555200,13323,1555200,13324,1555200,13325,1555200,13326,864000,13328,864000,13329,864000,13330,864000,13321,72,13324,22,13325,30,13326,30,13327,22,13329,9,13330,0,13331,0,
13427,3,13422,2592000,13426,1179198,127466,13332,180000,13429,0,13521,1555200,13422,1555200,13423,1555200,13424,1555200,13425,1824000,13426,1824000,13427,1824000,13428,1824000,13421,20,13423,10,13424,0,13424,0,13426,100,13427,18,13428,0,13429,0,
13527,3,13522,2591748,13526,1118913,67181,13429,180000,13529,0,13621,1555200,13522,1555200,13524,1555200,13524,1555200,13525,1824000,13526,1824000,13527,1824000,13528,1824000,13522,45,13523,22,13524,0,13525,0,13526,50,13527,10,13528,0,13529,0,
13629,3,13623,2591092,13628,904384,0,13529,180000,13632,0,13722,1555200,13624,1555200,13625,1555200,13626,1555200,13627,960000,13628,960000,13629,960000,13631,960000,13623,58,13625,30,13626,20,13627,0,13628,11,13629,20,13630,10,13631,10,
13727,3,13723,2591092,13727,1335616,283884,13632,180000,13729,0,13822,1555200,13723,1555200,13724,1555200,13725,1555200,13726,1824000,13727,1824000,13727,1824000,13728,1824000,13723,37,13724,0,13725,0,13726,0,13726,100,13727,10,13728,0,13729,0,
13827,3,13823,2591260,13826,946653,0,13729,180000,13828,0,13922,1555200,13824,1555200,13824,1555200,13825,1555200,13826,1824000,13826,1824000,13827,1824000,13827,1824000,13823,27,13824,22,13825,11,13825,0,13826,45,13827,10,13827,0,13828,0,
13931,3,13924,2591768,13929,1271793,220061,13828,180000,13934,0,14023,1555200,13925,1555200,13926,1555200,13927,1555200,13928,864000,13930,864000,13931,864000,13932,864000,13924,50,13926,60,13927,20,13928,30,13929,11,13931,10,13932,0,13933,0,
14029,3,14024,2591768,14027,1174817,123085,13933,180000,14031,0,14123,1555200,14024,1555200,14025,1555200,14026,1555200,14027,1824000,14028,1824000,14029,1824000,14030,1824000,14024,20,14025,0,14026,0,14026,9,14027,100,14029,18,14030,0,14031,0,
14128,3,14124,2590596,14127,1412886,361154,14031,180000,14129,0,14224,1555200,14125,1555200,14125,1555200,14126,1555200,14127,1824000,14127,1824000,14128,1824000,14129,1824000,14124,54,14125,33,14126,11,14127,10,14127,50,14128,0,14129,0,14129,0,
14230,3,14225,2591548,14229,704831,0,14129,180000,14233,0,14324,1555200,14226,1555200,14227,1555200,14228,1555200,14229,1248000,14229,1248000,14231,1248000,14232,1248000,14225,45,14226,20,14227,18,14228,0,14229,22,14230,0,14231,0,14232,0,
14329,3,14326,2591688,14329,1369200,317468,14232,180000,14331,0,14424,1248000,14326,1555200,14327,1555200,14327,1555200,14328,1824000,14329,1824000,14330,1824000,14330,1824000,14325,50,14326,0,14327,10,14328,0,14329,100,14329,10,14330,0,14331,0,
14429,3,14426,2591100,14429,856147,0,14331,180000,14431,0,14525,1555200,14426,1248000,14427,1248000,14427,1248000,14428,1824000,14429,1824000,14429,1824000,14430,1824000,14425,30,14427,30,14427,10,14428,0,14428,44,14429,0,14430,0,14430,0,
14534,3,14527,2592160,14532,1633990,582258,14431,180000,14537,0,14625,1555200,14527,1555200,14529,1555200,14530,1555200,14531,864000,14532,864000,14534,864000,14535,864000,14526,66,14528,53,14530,60,14531,45,14532,10,14534,10,14535,0,14536,0,
14631,3,14627,2592224,14630,1260858,209126,14536,180000,14634,0,14726,1478400,14627,1555200,14628,1555200,14629,1555200,14629,1824000,14630,1824000,14631,1824000,14633,1824000,14626,30,14628,11,14628,0,14629,0,14630,100,14631,0,14632,0,14633,0,
14731,3,14727,2591048,14730,998266,0,14634,180000,14732,0,14826,1555200,14727,1478400,14728,1478400,14729,1478400,14729,1824000,14730,1824000,14731,1824000,14731,1824000,14727,36,14728,20,14729,10,14729,0,14730,60,14731,10,14731,0,14732,0,
14835,3,14828,2591740,14833,1304064,252332,14732,180000,14837,0,14927,1555200,14829,1555200,14830,1555200,14831,1555200,14832,864000,14834,1248000,14835,1248000,14836,1248000,14828,55,14830,37,14831,44,14832,25,14833,20,14834,10,14835,0,14837,0,
14933,3,14928,2591916,14932,1125097,73365,14837,305000,14936,0,15027,1555200,14928,1555200,14929,1555200,14930,1555200,14931,1824000,14932,1824000,14934,1824000,14935,1824000,14927,10,14929,9,14930,0,14931,0,14931,100,14933,10,14934,0,14935,0,
15032,3,15028,2591972,15031,966631,0,14935,180000,15034,0,15127,1555200,15029,1555200,15029,1555200,15030,1555200,15031,1824000,15031,1824000,15032,1824000,15033,1824000,15028,16,15029,25,15030,10,15031,0,15031,54,15032,0,15033,0,15033,0,
15136,3,15129,2592576,15134,1218915,167183,15033,180000,15139,0,15228,1555200,15130,1555200,15131,1555200,15132,1555200,15133,864000,15135,864000,15136,864000,15137,864000,15129,55,15131,45,15132,50,15133,20,15134,0,15136,18,15137,0,15138,0,
15233,3,15229,2592804,15232,1455253,403521,15138,305000,15235,0,15328,1248000,15229,1555200,15230,1555200,15231,1555200,15232,1824000,15233,1824000,15233,1824000,15234,1824000,15229,45,15230,10,15231,10,15232,0,15232,100,15233,10,15234,0,15235,0,
15333,3,15330,2592200,15332,845050,0,15235,180000,15335,0,15429,1555200,15330,1248000,15331,1248000,15331,1248000,15332,1824000,15333,1824000,15333,1824000,15334,1824000,15329,11,15330,11,15331,0,15332,10,15332,63,15333,10,15334,0,15334,0,
15435,3,15430,2592808,15434,1599298,547566,15335,180000,15438,0,15529,1555200,15431,1555200,15431,1555200,15432,1555200,15433,1248000,15434,1248000,15435,1248000,15436,1248000,15430,60,15431,63,15432,50,15433,30,15434,10,15435,10,15436,0,15437,0,
15536,3,15530,2593068,15535,1297179,245447,15437,180000,15538,0,15629,1248000,15531,1555200,15532,1555200,15533,1555200,15534,1824000,15535,1824000,15536,1824000,15537,1824000,15530,22,15531,11,15532,0,15534,10,15535,100,15536,9,15536,0,15537,0,
15634,3,15631,2592564,15634,900177,0,15537,180000,15636,0,15730,1555200,15631,1248000,15632,1248000,15632,1248000,15633,1824000,15634,1824000,15634,1824000,15635,1824000,15630,33,15632,27,15632,0,15633,0,15634,55,15634,10,15635,0,15635,0,
15738,3,15732,2592992,15737,1386119,334387,15636,180000,15741,0,15830,1248000,15732,1555200,15733,1555200,15735,1555200,15736,864000,15737,864000,15738,864000,15739,864000,15731,72,15733,50,15734,22,15735,30,15737,16,15738,10,15739,8,15740,0,
15836,3,15832,2593488,15835,1308365,256633,15741,180000,15838,0,15931,1344000,15832,1248000,15833,1248000,15834,1248000,15835,1824000,15836,1824000,15836,1824000,15837,1824000,15831,22,15833,22,15834,0,15835,20,15835,100,15836,10,15837,0,15838,0,
15935,3,15932,2592660,15935,1317639,265907,15838,180000,15937,0,16031,1478400,15932,1344000,15933,1344000,15934,1344000,15934,1824000,15935,1824000,15935,1824000,15936,1824000,15932,50,15933,50,15934,22,15934,12,15935,50,15935,10,15936,0,15936,0,
16040,3,16034,2593640,16039,1427734,376002,15937,180000,16043,0,16132,1478400,16035,1478400,16036,1478400,16037,1478400,16038,1248000,16039,1248000,16040,1248000,16041,1248000,16033,44,16036,63,16037,30,16038,45,16039,27,16040,10,16041,0,16042,0,
16138,3,16133,2594848,16137,1266968,215236,16043,180000,16140,0,16232,1555200,16134,1555200,16135,1555200,16136,1555200,16137,1824000,16138,1824000,16138,1824000,16139,1824000,16133,66,16134,22,16135,44,16136,30,16137,10,16138,18,16139,10,16140,100,
16236,3,16233,2593984,16236,1918923,867191,16140,180000,16238,24,16332,1555200,16234,1555200,16234,1555200,16235,1555200,16235,1824000,16236,1824000,16237,1824000,16237,1824000,16233,53,16234,25,16235,0,16235,22,16236,0,16236,10,16237,0,16238,45,
16341,3,16334,2594704,16340,1904803,853071,16238,180000,16344,24,16433,1555200,16335,1555200,16336,1555200,16337,1555200,16338,864000,16340,864000,16341,864000,16342,864000,16334,75,16336,37,16337,33,16338,11,16339,11,16341,10,16342,0,16343,0,
16439,3,16435,2594704,16438,1442641,390909,16344,180000,16441,24,16534,1344000,16435,1555200,16436,1555200,16437,1555200,16438,1824000,16438,1824000,16439,1824000,16440,1824000,16434,33,16436,0,16436,0,16437,0,16438,100,16439,10,16440,0,16441,0,
16540,3,16535,2595020,16539,980737,0,16441,180000,16542,0,16634,1555200,16535,1344000,16536,1344000,16537,1344000,16538,1824000,16539,1824000,16540,1824000,16541,1824000,16535,20,16536,0,16537,20,16538,0,16539,45,16540,0,16541,0,16542,0,
16639,3,16636,2593428,16638,1447005,395273,16542,180000,16640,0,16735,1555200,16636,1555200,16636,1555200,16637,1555200,16638,1824000,16638,1824000,16639,1824000,16640,1824000,16635,70,16636,40,16637,33,16638,30,16638,22,16639,18,16640,30,16640,0,
16741,3,16736,2593428,16740,1583305,531573,16640,180000,16743,0,16835,1555200,16737,1555200,16738,1555200,16738,1555200,16739,1824000,16740,1824000,16741,1824000,16742,1824000,16736,18,16737,0,16738,0,16739,9,16740,100,16741,0,16742,0,16742,0,
16840,3,16837,2593112,16839,1228150,176418,16742,180000,16841,0,16936,1555200,16837,1555200,16837,1555200,16838,1555200,16839,1824000,16839,1824000,16840,1824000,16841,1824000,16836,50,16837,37,16838,27,16839,18,16839,30,16840,10,16840,0,16841,0,
16942,3,16937,2593184,16941,1111711,59979,16841,180000,16944,0,17036,1555200,16938,1555200,16939,1555200,16939,1555200,16940,1248000,16941,1248000,16942,1248000,16943,1536000,16937,63,16938,18,16939,20,16940,18,16941,33,16942,0,16943,0,16944,0,
17042,3,17038,2593704,17041,1189948,138216,16944,180000,17043,0,17136,1248000,17038,1555200,17039,1555200,17040,1555200,17040,1824000,17041,1824000,17042,1824000,17042,1824000,17037,25,17039,0,17039,0,17040,10,17041,100,17042,10,17042,0,17043,0,
17141,3,17138,2593624,17141,701505,0,17043,180000,17143,0,17237,1555200,17138,1248000,17139,1248000,17139,1248000,17140,1824000,17141,1824000,17141,1824000,17142,1824000,17137,27,17139,33,17139,11,17140,0,17141,27,17141,10,17142,0,17142,0,
17243,3,17238,2593836,17242,1673482,621750,17143,180000,17245,0,17337,1555200,17239,1555200,17240,1555200,17241,1555200,17241,1248000,17242,1248000,17243,1248000,17244,1248000,17238,66,17239,45,17240,58,17241,36,17242,22,17243,18,17244,0,17245,0,
17344,3,17339,2593720,17343,1408776,357044,17245,180000,17346,0,17438,1555200,17339,1555200,17340,1555200,17341,1555200,17342,1824000,17343,1824000,17344,1824000,17345,1824000,17338,22,17340,11,17340,10,17341,10,17343,100,17344,10,17345,0,17345,0,
17443,3,17439,2593484,17442,978574,0,17346,180000,17444,0,17538,1555200,17440,1555200,17440,1555200,17441,1555200,17441,1824000,17442,1824000,17443,1824000,17443,1824000,17439,30,17440,30,17441,11,17441,0,17442,40,17443,0,17443,0,17444,0,
17546,3,17541,2593468,17545,837318,0,17444,180000,17548,0,17639,1555200,17541,1555200,17542,1555200,17543,1555200,17544,1248000,17545,1248000,17546,1248000,17547,1248000,17540,55,17542,33,17543,10,17544,0,17545,27,17546,16,17547,0,17548,0,
17645,3,17640,2593936,17644,1671265,619533,17548,180000,17647,0,17739,1555200,17640,1555200,17641,1555200,17642,1555200,17643,1824000,17644,1824000,17645,1824000,17646,1824000,17639,50,17641,20,17642,11,17643,10,17644,100,17645,10,17646,0,17647,0,
17744,3,17741,2593952,17743,1135117,83385,17647,180000,17746,0,17840,1555200,17741,1555200,17741,1555200,17742,1555200,17743,1824000,17743,1824000,17744,1824000,17745,1824000,17740,30,17741,41,17742,20,17743,11,17743,33,17744,10,17745,0,17745,0,
17847,3,17841,2594420,17846,1189962,138230,17745,180000,17849,0,17940,1555200,17842,1555200,17843,1555200,17844,1555200,17845,1248000,17846,1248000,17847,1248000,17848,1248000,17841,72,17843,22,17844,38,17845,0,17846,30,17847,10,17848,0,17848,0,
17947,3,17942,2594504,17946,1397560,345828,17849,180000,17949,0,18040,1344000,17942,1555200,17943,1555200,17944,1555200,17945,1824000,17946,1824000,17947,1824000,17948,1824000,17941,28,17943,18,17944,0,17945,11,17946,100,17947,10,17948,0,17948,0,
18045,3,18042,2594480,18045,741461,0,17949,180000,18047,0,18141,1555200,18042,1344000,18043,1344000,18044,1344000,18044,1824000,18045,1824000,18046,1824000,18046,1824000,18041,11,18043,33,18044,11,18044,10,18045,30,18045,10,18046,0,18047,0,
18148,3,18144,2592860,18147,1584637,532905,18047,180000,18151,0,18241,1555200,18144,1555200,18145,1555200,18146,1555200,18147,1248000,18148,1248000,18149,1248000,18149,1248000,18143,90,18145,22,18146,60,18146,22,18147,20,18148,10,18149,0,18150,0,
18248,3,18243,2592664,18246,1311519,259787,18150,180000,18250,0,18342,1555200,18243,1555200,18244,1555200,18245,1555200,18246,1824000,18247,1824000,18248,1824000,18249,1824000,18242,25,18244,0,18245,20,18245,0,18246,100,18247,10,18249,0,18250,0,
18347,3,18343,2592528,18346,855483,0,18250,180000,18348,0,18442,1555200,18344,1555200,18344,1555200,18345,1555200,18346,1824000,18346,1824000,18347,1824000,18347,1824000,18343,25,18344,11,18345,27,18345,0,18346,33,18347,10,18347,0,18348,0,
18451,3,18445,2593284,18450,1053111,1379,18348,180000,18454,0,18543,1555200,18445,1555200,18446,1555200,18448,1555200,18449,864000,18450,864000,18451,864000,18453,864000,18444,63,18446,33,18447,20,18449,10,18450,20,18451,9,18452,0,18454,0,
18549,3,18545,2591244,18548,1516193,464461,18454,180000,18551,0,18643,1478400,18545,1555200,18546,1555200,18546,1555200,18547,1824000,18548,1824000,18549,1824000,18549,1824000,18544,44,18545,12,18546,10,18547,11,18548,100,18549,20,18549,10,18550,0,
18649,3,18645,2590904,18648,1006510,0,18550,180000,18650,0,18744,1555200,18645,1478400,18646,1478400,18647,1478400,18647,1824000,18648,1824000,18649,1824000,18650,1824000,18644,20,18646,33,18647,0,18647,0,18648,40,18649,0,18649,0,18650,0,
18753,3,18746,2591992,18752,1204575,152843,18650,180000,18756,0,18845,1555200,18747,1555200,18748,1555200,18749,1555200,18751,864000,18752,864000,18753,1248000,18754,1248000,18746,50,18748,60,18749,36,18750,22,18752,0,18753,11,18754,0,18755,0,
18851,3,18847,2592240,18850,334731,0,18755,180000,18853,0,18945,1555200,18847,1555200,18848,1555200,18849,1555200,18850,1824000,18851,1824000,18851,1824000,18852,1824000,18846,18,18848,0,18849,0,18850,10,18850,11,18851,100,18852,0,18853,0,
18950,3,18947,2592292,18950,1828775,777043,18853,180000,18952,0,19046,1555200,18947,1555200,18948,1555200,18948,1555200,18949,1824000,18950,1824000,18950,1824000,18951,1824000,18946,60,18948,20,18948,11,18949,20,18950,10,18950,50,18951,0,18952,0,
19054,3,19048,2593064,19054,1170585,118853,18952,180000,19056,0,19146,1555200,19048,1555200,19050,1555200,19051,1555200,19053,864000,19054,1824000,19054,1824000,19055,1824000,19047,63,19050,27,19051,0,19052,0,19054,20,19054,9,19055,0,19056,0,
19153,3,19148,2593320,19152,1855235,803503,19056,180000,19155,0,19247,1555200,19148,1555200,19149,1555200,19151,1555200,19151,1824000,19152,1824000,19153,1824000,19154,1824000,19147,55,19149,30,19151,20,19151,11,19152,100,19153,10,19154,0,19155,0,
19252,3,19249,2593628,19251,892355,0,19155,180000,19254,0,19347,1555200,19249,1555200,19250,1555200,19250,1555200,19251,1824000,19252,1824000,19252,1824000,19253,1824000,19248,33,19249,33,19250,10,19251,0,19251,27,19252,0,19253,0,19253,0,
19354,3,19349,2593964,19353,848233,0,19254,180000,19356,0,19448,1555200,19349,1555200,19350,1555200,19351,1555200,19352,1248000,19353,1248000,19354,1248000,19355,1248000,19348,70,19350,11,19351,22,19352,0,19353,22,19354,18,19355,0,19356,0,
19455,3,19450,2594212,19454,1172163,120431,19356,180000,19458,0,19548,1555200,19450,1555200,19451,1555200,19452,1555200,19453,1824000,19454,1824000,19455,1824000,19456,1824000,19449,10,19451,0,19452,10,19453,0,19454,100,19455,10,19456,0,19457,0,
19553,3,19550,2591880,19552,1286200,234468,19457,180000,19554,0,19649,1555200,19550,1555200,19551,1555200,19551,1555200,19552,1824000,19552,1824000,19553,1824000,19554,1824000,19549,50,19551,40,19551,25,19552,12,19552,30,19553,20,19554,30,19554,0,
19656,3,19651,2592200,19655,1400648,348916,19554,180000,19658,0,19749,1555200,19651,1555200,19652,1555200,19653,1555200,19654,1248000,19655,1248000,19656,1248000,19657,1248000,19650,27,19652,46,19653,20,19654,16,19655,30,19655,9,19656,0,19657,0,
19755,3,19751,2592464,19754,1944670,892938,19658,180000,19757,0,19850,1555200,19751,1555200,19752,1555200,19753,1555200,19754,1824000,19754,1824000,19755,1824000,19756,1824000,19750,60,19752,36,19753,27,19753,11,19754,100,19755,10,19756,0,19756,0,
19855,3,19851,2592028,19854,995977,0,19757,180000,19856,0,19950,1555200,19852,1555200,19852,1555200,19853,1555200,19854,1824000,19854,1824000,19855,1824000,19856,1824000,19851,55,19852,22,19853,20,19853,0,19854,22,19855,10,19855,0,19856,0,
19957,3,19952,2592272,19956,1070302,18570,19856,180000,19959,0,20051,1555200,19953,1555200,19954,1555200,19954,1555200,19955,1536000,19956,1536000,19957,1536000,19958,1536000,19951,58,19953,11,19954,10,19955,18,19956,40,19956,10,19957,0,19958,0,
20056,3,20052,2592272,20056,1468107,416375,19958,180000,20058,0,20151,1555200,20053,1555200,20054,1555200,20054,1555200,20055,1824000,20056,1824000,20057,1824000,20057,1824000,20052,33,20053,22,20054,0,20055,9,20056,100,20056,10,20057,0,20058,0,
20156,3,20153,2592636,20156,848135,0,20058,180000,20158,0,20252,1555200,20153,1555200,20154,1555200,20155,1555200,20155,1824000,20156,1824000,20157,1824000,20157,1824000,20152,12,20154,30,20154,25,20155,12,20156,20,20156,9,20157,0,20158,0,
20258,3,20254,2592476,20257,965469,0,20158,180000,20260,0,20352,1555200,20254,1555200,20255,1555200,20256,1555200,20257,1248000,20258,1248000,20258,1248000,20259,1248000,20253,62,20255,0,20256,30,20256,10,20257,30,20258,10,20259,0,20260,0,
20359,3,20354,2592676,20358,1275669,223937,20260,180000,20361,0,20452,1555200,20354,1555200,20356,1555200,20357,1555200,20357,1824000,20358,1824000,20359,1824000,20360,1824000,20353,20,20355,20,20356,0,20357,0,20358,100,20359,10,20360,0,20360,0,
20458,3,20454,2592480,20457,970715,0,20361,180000,20459,0,20554,1248000,20454,1555200,20455,1555200,20456,1555200,20456,1824000,20457,1824000,20458,1824000,20458,1824000,20453,60,20455,12,20456,11,20456,0,20457,30,20457,10,20458,0,20459,0,
20562,3,20556,2593184,20561,976465,0,20459,180000,20566,0,20654,1555200,20557,1248000,20558,1248000,20559,1248000,20560,1824000,20561,1824000,20562,1824000,20563,1824000,20555,28,20558,25,20559,11,20560,0,20561,60,20562,0,20563,0,20565,0,
20659,3,20655,2593184,20658,1942808,891076,20565,180000,20661,0,20754,1555200,20655,1555200,20656,1555200,20657,1555200,20658,1824000,20658,1824000,20659,1824000,20660,1824000,20655,63,20656,44,20657,33,20658,0,20658,100,20659,10,20660,0,20660,0,
20762,3,20756,2591960,20761,932800,0,20660,180000,20765,0,20855,1555200,20757,1555200,20758,1555200,20759,1555200,20760,960000,20761,960000,20762,960000,20763,960000,20755,54,20758,36,20759,27,20760,0,20761,0,20762,0,20763,0,20764,0,
20863,3,20858,2592936,20862,1238074,186342,20764,180000,20866,0,20955,1555200,20858,1555200,20859,1555200,20860,1555200,20861,1824000,20862,1824000,20863,1824000,20865,1824000,20857,50,20859,11,20860,20,20861,0,20862,70,20863,18,20864,0,20865,0,
20960,3,20957,2592768,20959,1703132,651400,20866,180000,20961,0,21055,1555200,20957,1555200,20957,1555200,20958,1555200,20959,1824000,20959,1824000,20960,1824000,20960,1824000,20956,40,20957,11,20958,20,20959,12,20959,100,20960,0,20960,0,20961,0,
21064,3,21058,2592676,21063,1563080,511348,20961,180000,21067,0,21156,1555200,21058,1555200,21059,1555200,21060,1555200,21062,864000,21063,864000,21064,864000,21065,864000,21057,100,21059,55,21060,33,21061,30,21062,0,21064,10,21065,0,21066,0,
21163,3,21158,2593684,21162,1314445,262713,21066,180000,21165,0,21256,1248000,21159,1555200,21160,1555200,21161,1555200,21161,1824000,21163,1824000,21164,1824000,21164,1824000,21157,30,21159,20,21161,10,21161,33,21162,66,21163,10,21164,0,21165,0,
21261,3,21258,2593004,21261,1332115,280383,21165,180000,21263,0,21357,1555200,21258,1248000,21259,1248000,21260,1248000,21260,1824000,21261,1824000,21262,1824000,21262,1824000,21257,30,21259,20,21259,0,21260,10,21261,100,21261,0,21262,0,21263,0,
21362,3,21358,2593580,21361,939282,0,21263,180000,21363,0,21458,1555200,21358,1555200,21359,1555200,21360,1555200,21360,1824000,21361,1824000,21362,1824000,21362,1824000,21358,66,21359,33,21360,12,21360,20,21361,0,21361,10,21362,0,21363,0,
21471,3,21464,2593632,21470,741065,0,21363,180000,21473,0,21558,1555200,21465,1478400,21468,1478400,21469,1478400,21469,1824000,21470,1824000,21471,1824000,21472,1824000,21460,45,21467,25,21468,10,21469,0,21470,10,21471,72,21472,0,21473,0,
21563,3,21559,2594032,21562,1372263,320531,21473,180000,21564,0,21659,1344000,21560,1555200,21560,1555200,21561,1555200,21562,1824000,21562,1824000,21563,1824000,21564,1824000,21559,50,21560,14,21561,20,21561,0,21562,10,21563,90,21563,0,21564,0,
21667,3,21661,2593540,21666,1384992,333260,21564,180000,21670,0,21759,1555200,21661,1344000,21662,1344000,21663,1478400,21665,864000,21666,864000,21667,864000,21668,864000,21660,33,21662,36,21663,18,21664,0,21665,18,21667,0,21668,0,21669,0,
21767,3,21761,2594228,21766,1358256,306524,21669,180000,21769,0,21859,1248000,21761,1555200,21762,1555200,21764,1555200,21765,1824000,21766,1824000,21767,1824000,21768,1824000,21760,63,21762,20,21763,20,21764,0,21766,66,21767,10,21768,0,21769,0,
21866,3,21861,2594228,21865,1182504,130772,21769,180000,21868,0,21960,1555200,21862,1248000,21863,1248000,21864,1248000,21865,1824000,21865,1824000,21866,1824000,21867,1824000,21861,20,21862,10,21864,0,21864,0,21865,100,21866,10,21867,0,21867,0,
21965,3,21961,2594568,21964,1327155,275423,21867,180000,21966,0,22062,1555200,21961,1555200,21962,1555200,21963,1555200,21963,1824000,21964,1824000,21965,1824000,21965,1824000,21960,60,21962,60,21962,22,21963,30,21964,0,21964,10,21965,0,21966,0,
22073,3,22066,2594864,22072,1137692,85960,21966,180000,22075,0,22161,1555200,22067,1555200,22068,1555200,22070,1555200,22071,1824000,22072,1824000,22073,1824000,22074,1824000,22064,40,22068,10,22070,9,22071,8,22072,60,22073,9,22074,0,22074,0,
22167,3,22163,2594864,22166,1848065,796333,22075,180000,22169,0,22262,1555200,22163,1555200,22164,1555200,22165,1555200,22166,1824000,22167,1824000,22167,1824000,22168,1824000,22162,63,22164,22,22165,30,22166,0,22166,100,22167,20,22168,0,22169,0,
22271,3,22264,2594172,22269,904808,0,22169,180000,22274,0,22363,1555200,22265,1555200,22266,1555200,22267,1555200,22268,864000,22270,864000,22271,864000,22272,864000,22263,50,22266,20,22267,30,22268,0,22269,0,22270,10,22272,0,22273,0,
22371,3,22366,2594524,22370,1077832,26100,22273,180000,22374,0,22463,1555200,22366,1555200,22367,1555200,22369,1555200,22370,1824000,22371,1824000,22372,1824000,22372,1824000,22364,12,22367,11,22368,37,22369,0,22370,66,22371,18,22372,0,22373,0,
22469,3,22464,2594396,22468,1523191,471459,22373,180000,22471,0,22563,1555200,22465,1555200,22466,1555200,22466,1555200,22467,1824000,22468,1824000,22469,1824000,22470,1824000,22464,40,22465,22,22466,0,22467,9,22468,90,22469,18,22470,0,22471,0,
22569,3,22565,2592228,22568,858036,0,22471,180000,22570,0,22664,1555200,22565,1555200,22566,1555200,22567,1555200,22568,1824000,22568,1824000,22569,1824000,22570,1824000,22564,30,22566,30,22567,11,22567,12,22568,10,22569,10,22570,0,22570,0,
22670,3,22666,2592432,22669,1351774,300042,22570,180000,22673,0,22765,1555200,22666,1555200,22667,1555200,22668,1555200,22668,1824000,22669,1824000,22670,1824000,22671,1824000,22665,33,22667,45,22668,11,22668,0,22669,66,22670,0,22671,0,22672,0,
22770,3,22766,2592280,22769,1281783,230051,22672,180000,22771,0,22865,1555200,22766,1555200,22767,1555200,22768,1555200,22768,1824000,22769,1824000,22770,1824000,22770,1824000,22765,33,22767,20,22768,11,22768,10,22769,80,22770,10,22770,0,22771,0,
22869,3,22866,2592968,22869,1061862,10130,22771,180000,22871,0,22966,1555200,22866,1555200,22867,1555200,22868,1555200,22868,1824000,22869,1824000,22869,1824000,22870,1824000,22866,54,22867,37,22867,11,22868,33,22869,0,22869,0,22870,0,22870,0,
22972,3,22968,2593216,22971,1082397,30665,22871,180000,22974,0,23066,1478400,22968,1555200,22969,1555200,22970,1555200,22971,1824000,22971,1824000,22972,1824000,22973,1824000,22967,20,22969,0,22970,0,22970,0,22971,100,22972,0,22973,0,22973,0,
23071,3,23068,2593064,23070,1210767,159035,22974,180000,23072,0,23167,1555200,23068,1478400,23069,1478400,23069,1478400,23070,1824000,23070,1824000,23071,1824000,23072,1824000,23067,37,23069,22,23069,25,23070,0,23070,70,23071,9,23072,0,23072,0,
23176,3,23169,2593528,23174,995111,0,23072,180000,23179,0,23267,1555200,23169,1555200,23171,1555200,23172,1555200,23173,864000,23174,864000,23176,864000,23177,864000,23168,50,23170,27,23172,40,23173,10,23174,0,23175,10,23177,0,23178,0,
23273,3,23269,2593280,23272,1475961,424229,23178,180000,23275,0,23368,1248000,23269,1555200,23270,1555200,23271,1555200,23272,1824000,23272,1824000,23273,1824000,23274,1824000,23268,50,23270,0,23271,11,23271,10,23272,100,23273,11,23274,0,23274,0,
23373,3,23369,2592960,23372,1333193,281461,23275,180000,23374,0,23468,1555200,23370,1248000,23370,1248000,23371,1248000,23372,1824000,23372,1824000,23373,1824000,23374,1824000,23369,22,23370,27,23371,27,23371,52,23372,63,23373,0,23373,0,23374,0,
23476,3,23470,2593688,23475,1168725,116993,23374,180000,23479,0,23568,1555200,23470,1555200,23471,1555200,23472,1555200,23474,864000,23475,864000,23476,864000,23477,864000,23469,55,23471,50,23472,25,23473,33,23474,0,23476,18,23477,0,23478,0,
23575,3,23570,2593688,23575,1068068,16336,23478,180000,23577,0,23669,1555200,23570,1555200,23572,1555200,23573,1555200,23574,1824000,23575,1824000,23576,1824000,23576,1824000,23569,11,23571,0,23572,0,23573,0,23574,100,23575,10,23576,0,23577,0,
23678,3,23671,2593584,23677,1932552,880820,23577,180000,23681,0,23769,1555200,23671,1555200,23672,1555200,23676,1555200,23676,1824000,23677,1824000,23678,1824000,23679,1824000,23670,50,23672,45,23675,45,23676,30,23677,66,23678,10,23679,0,23680,0,
23778,3,23771,2593196,23777,2501876,1450144,23680,180000,23781,0,23871,1555200,23771,1555200,23773,1555200,23774,1555200,23776,864000,23777,864000,23778,864000,23779,864000,23770,88,23772,88,23774,77,23775,70,23776,33,23778,20,23779,0,23780,10,
23876,3,23872,2594368,23875,2360548,1308816,23780,180000,23878,0,23971,1248000,23872,1555200,23873,1555200,23874,1555200,23875,1728000,23876,1728000,23876,1728000,23877,1728000,23872,70,23873,66,23874,66,23875,20,23875,80,23876,18,23877,10,23877,40,
23976,3,23973,2593636,23975,2091571,1039839,23878,180000,23978,0,24072,1555200,23973,1248000,23974,1248000,23974,1248000,23975,1824000,23976,1824000,23976,1824000,23977,1824000,23972,44,23974,45,23974,30,23975,33,23975,80,23976,20,23977,0,23977,0,
24080,3,24074,2593748,24079,1593137,541405,23977,180000,24083,0,24172,1555200,24074,1555200,24076,1555200,24077,1555200,24078,864000,24079,864000,24080,864000,24081,864000,24073,63,24075,60,24077,46,24078,27,24079,0,24080,10,24081,0,24082,9,
24179,3,24174,2594472,24178,1736039,684307,24083,180000,24182,0,24273,1555200,24174,1555200,24175,1555200,24176,1555200,24177,1248000,24178,1248000,24180,1248000,24180,1248000,24173,57,24175,37,24176,77,24177,22,24178,60,24179,20,24180,0,24181,0,
24279,3,24274,2593996,24278,1368499,316767,24181,180000,24281,0,24374,1555200,24274,1555200,24275,1555200,24276,1555200,24277,1958400,24278,1958400,24279,1958400,24280,1958400,24273,11,24275,18,24276,0,24277,0,24278,100,24279,10,24280,0,24280,0,
24378,3,24375,2593276,24378,1067563,15831,24280,180000,24380,0,24474,1555200,24375,1555200,24376,1555200,24376,1555200,24377,1824000,24378,1824000,24378,1824000,24379,1824000,24374,50,24376,33,24376,27,24377,11,24377,10,24378,0,24379,0,24379,0,
24483,3,24476,2594084,24482,1040933,0,24380,180000,24486,0,24575,1478400,24477,1555200,24479,1555200,24480,1555200,24481,1536000,24482,1536000,24484,1536000,24485,1536000,24475,50,24478,30,24480,10,24481,16,24482,40,24483,10,24484,0,24485,0,
24581,3,24577,2592960,24580,1206889,155157,24486,180000,24583,0,24675,1248000,24577,1478400,24578,1478400,24578,1478400,24579,1824000,24580,1824000,24581,1824000,24582,1824000,24576,12,24577,0,24578,18,24579,0,24580,100,24581,0,24581,0,24582,0,
24680,3,24677,2593040,24680,715253,0,24582,180000,24682,0,24776,1555200,24677,1248000,24678,1248000,24678,1248000,24679,1824000,24680,1824000,24681,1824000,24681,1824000,24676,60,24678,14,24678,28,24679,0,24680,22,24680,10,24681,0,24682,0,
24784,3,24778,2592892,24782,624486,0,24682,180000,24786,0,24876,1555200,24779,1555200,24780,1555200,24781,1555200,24782,1248000,24783,1248000,24784,1248000,24785,1248000,24777,54,24779,0,24780,10,24781,10,24782,0,24784,40,24785,0,24786,0,
24882,3,24878,2593672,24881,1017559,0,24786,180000,24884,0,24977,1478400,24878,1555200,24879,1555200,24880,1555200,24880,1824000,24881,1824000,24882,1824000,24883,1824000,24877,50,24879,30,24880,10,24880,11,24881,10,24882,100,24883,0,24884,0,
24982,3,24978,2594004,24981,1230562,178830,24884,180000,24983,0,25077,1555200,24978,1478400,24979,1478400,24980,1478400,24980,1824000,24981,1824000,24982,1824000,24982,1824000,24978,0,24979,20,24980,10,24980,0,24981,10,24982,45,24982,0,24983,0,
25086,3,25079,2594744,25085,1734686,682954,24983,180000,25089,0,25177,1555200,25079,1555200,25081,1555200,25082,1555200,25084,864000,25085,864000,25086,864000,25087,864000,25078,55,25081,40,25082,54,25083,27,25085,18,25086,10,25087,0,25088,0,
25185,3,25179,2594456,25184,193490,0,25089,180000,25187,0,25278,1555200,25179,1555200,25180,1555200,25182,1555200,25183,1824000,25184,1824000,25185,1824000,25186,1824000,25178,10,25180,0,25181,0,25182,0,25184,10,25185,100,25186,0,25187,0,
25283,3,25279,2593880,25282,1656004,604272,25187,180000,25285,0,25379,1555200,25280,1555200,25280,1555200,25281,1555200,25282,1824000,25282,1824000,25283,1824000,25284,1824000,25279,28,25280,20,25281,30,25282,22,25282,0,25283,50,25284,0,25284,0,
25386,3,25381,2595712,25385,1429007,377275,25285,180000,25389,0,25479,1555200,25381,1555200,25382,1555200,25383,1555200,25384,1248000,25385,1248000,25387,1248000,25388,1248000,25380,40,25382,20,25383,36,25384,10,25384,40,25386,10,25387,0,25389,0,
25485,3,25480,2593088,25484,1734494,682762,25389,180000,25486,0,25580,1555200,25480,1555200,25481,1555200,25482,1555200,25483,1958400,25484,1958400,25485,1958400,25486,1958400,25480,58,25481,10,25482,10,25483,9,25484,100,25484,10,25485,20,25486,10,
25585,3,25582,2592628,25584,1023386,0,25486,180000,25587,0,25680,1555200,25582,1555200,25583,1555200,25583,1555200,25584,1958400,25585,1958400,25585,1958400,25586,1958400,25581,11,25582,30,25583,10,25584,0,25584,22,25585,0,25586,0,25586,10,
25686,3,25682,2593144,25685,1432345,380613,25586,180000,25688,0,25780,1248000,25682,1555200,25683,1555200,25684,1555200,25684,1536000,25685,1536000,25686,1536000,25687,1536000,25681,66,25682,30,25683,20,25684,20,25685,50,25686,0,25686,0,25687,10,
25786,3,25782,2593392,25785,1131052,79320,25687,180000,25788,0,25881,1478400,25782,1248000,25783,1248000,25784,1248000,25785,1958400,25785,1958400,25786,1958400,25787,1958400,25781,0,25783,0,25784,0,25784,0,25785,100,25786,0,25787,0,25787,10,
25890,3,25883,2593120,25889,980424,0,25788,180000,25893,0,25982,1555200,25883,1478400,25885,1478400,25886,1478400,25887,864000,25889,864000,25890,864000,25891,864000,25882,66,25884,14,25886,30,25887,10,25888,30,25890,0,25891,0,25892,9,
25988,3,25984,2593076,25987,811103,0,25893,180000,25990,0,26082,1478400,25984,1555200,25985,1555200,25986,1555200,25986,1824000,25987,1824000,25988,1824000,25989,1824000,25983,0,25985,30,25985,12,25986,10,25987,44,25988,0,25988,0,25989,20,
26088,3,26084,2593076,26087,1258572,206840,25989,180000,26091,0,26183,1555200,26084,1478400,26085,1478400,26086,1478400,26086,1824000,26087,1824000,26088,1824000,26089,1824000,26083,11,26085,0,26085,9,26086,0,26087,100,26088,0,26089,0,26090,9,
26192,3,26185,2593148,26190,843749,0,26090,180000,26195,0,26284,1555200,26186,1555200,26187,1555200,26188,1555200,26189,864000,26191,864000,26192,864000,26193,864000,26185,42,26187,33,26188,27,26189,0,26190,10,26192,0,26193,0,26194,10,
26290,3,26285,2593260,26289,923209,0,26194,180000,26292,0,26384,1478400,26285,1555200,26286,1555200,26287,1555200,26288,1536000,26289,1536000,26290,1536000,26291,1536000,26285,60,26286,0,26287,11,26288,0,26289,55,26290,0,26291,0,26292,0,
26390,3,26386,2593616,26389,1472698,420966,26292,180000,26392,0,26484,1555200,26386,1478400,26387,1478400,26388,1478400,26388,1824000,26389,1824000,26390,1824000,26391,1824000,26385,41,26387,20,26387,11,26388,9,26389,100,26390,0,26391,0,26391,0,
26489,3,26486,2593824,26488,932112,0,26392,180000,26491,0,26585,1555200,26486,1555200,26487,1555200,26487,1555200,26488,1824000,26489,1824000,26489,1824000,26490,1824000,26485,22,26487,53,26487,25,26488,30,26488,0,26489,0,26490,0,26490,0,
26590,3,26586,2593880,26590,1129834,78102,26491,180000,26592,0,26685,1248000,26587,1555200,26587,1555200,26588,1555200,26589,1824000,26590,1824000,26590,1824000,26591,1824000,26586,50,26587,11,26588,18,26589,0,26589,60,26590,0,26591,0,26592,0,
26691,3,26687,2593880,26690,1028761,0,26592,180000,26693,0,26786,1478400,26687,1248000,26688,1248000,26689,1248000,26690,1824000,26691,1824000,26691,1824000,26692,1824000,26686,0,26688,0,26689,0,26690,18,26690,100,26691,0,26692,0,26693,10,
26795,3,26788,2593664,26793,1103540,51808,26693,180000,26797,0,26886,1555200,26788,1478400,26790,1478400,26791,1478400,26792,864000,26794,864000,26795,864000,26796,864000,26787,50,26789,33,26791,36,26792,30,26793,10,26794,0,26796,0,26797,10,
26893,3,26888,2594712,26892,851508,0,26797,180000,26895,0,26987,1555200,26888,1555200,26889,1555200,26890,1555200,26891,1536000,26892,1536000,26893,1536000,26894,1824000,26887,50,26889,11,26890,0,26891,0,26892,55,26892,0,26893,0,26894,10,
26992,3,26988,2594712,26991,1434419,382687,26894,180000,26994,0,27087,1555200,26988,1555200,26989,1555200,26990,1555200,26991,1824000,26992,1824000,26992,1824000,26993,1824000,26988,45,26989,11,26990,0,26991,0,26991,100,26992,0,26993,0,26993,10,
27092,3,27089,2594088,27091,696187,0,26994,180000,27094,0,27188,1555200,27089,1555200,27089,1555200,27090,1555200,27091,1824000,27091,1824000,27092,1824000,27092,1824000,27088,33,27089,40,27090,11,27090,0,27091,0,27092,0,27092,0,27093,9,
27195,3,27190,2594612,27194,1544168,492436,27094,180000,27198,0,27288,1248000,27190,1555200,27191,1555200,27192,1555200,27193,1824000,27194,1824000,27195,1824000,27197,1824000,27189,55,27191,41,27192,20,27193,9,27194,60,27195,0,27196,0,27197,10,
27293,3,27290,2593828,27292,1082764,31032,27197,180000,27295,0,27389,1344000,27290,1248000,27291,1248000,27291,1248000,27292,1824000,27293,1824000,27294,1824000,27294,1824000,27289,10,27291,0,27291,0,27292,0,27292,100,27293,0,27294,0,27295,10,
27397,3,27391,2594284,27396,1197622,145890,27295,180000,27400,0,27489,1555200,27391,1344000,27392,1344000,27394,1478400,27395,864000,27396,864000,27397,864000,27398,864000,27390,72,27392,45,27393,36,27395,33,27396,9,27397,0,27398,9,27399,0,
27495,3,27491,2594668,27494,584368,0,27400,180000,27497,0,27589,1248000,27491,1555200,27492,1555200,27493,1555200,27494,1824000,27494,1824000,27495,1824000,27496,1824000,27490,40,27492,27,27493,11,27493,0,27494,0,27495,80,27496,10,27496,0,
27595,3,27591,2593884,27594,1164264,112532,27497,180000,27596,0,27690,1555200,27591,1248000,27592,1248000,27593,1248000,27593,1824000,27594,1824000,27595,1824000,27595,1824000,27590,27,27592,11,27592,10,27593,16,27594,0,27594,88,27595,10,27596,0,
27695,3,27691,2594396,27694,1823647,771915,27596,180000,27698,0,27790,1478400,27691,1555200,27692,1555200,27692,1555200,27693,864000,27694,864000,27696,864000,27697,864000,27690,37,27692,45,27692,44,27693,0,27694,0,27695,0,27696,10,27698,0,
27796,3,27792,2594644,27795,428668,0,27698,180000,27799,0,27891,1555200,27792,1478400,27793,1478400,27794,1478400,27795,1824000,27796,1824000,27797,1824000,27798,1824000,27791,30,27793,0,27794,18,27795,0,27795,9,27796,0,27797,100,27799,0,
27895,3,27892,2594676,27895,1556311,504579,27799,180000,27897,0,27991,1555200,27892,1555200,27893,1555200,27894,1555200,27894,1824000,27895,1824000,27896,1824000,27896,1824000,27892,37,27893,27,27894,0,27894,9,27895,10,27895,0,27896,70,27897,0,
28001,3,27994,2595276,27999,1488237,436505,27897,180000,28004,0,28092,1555200,27994,1555200,27996,1555200,27997,1555200,27998,864000,28000,864000,28001,864000,28002,864000,27993,41,27995,33,27997,20,27998,18,27999,10,28001,9,28002,0,28003,0,
28097,3,28093,2595276,28096,1422982,371250,28003,180000,28099,0,28192,1555200,28094,1555200,28094,1555200,28095,1555200,28096,1824000,28097,1824000,28097,1824000,28098,1824000,28093,54,28094,10,28095,0,28096,0,28096,100,28097,18,28098,0,28099,0,
28198,3,28194,2594924,28197,1082729,30997,28099,180000,28199,0,28293,1555200,28194,1555200,28195,1555200,28196,1555200,28197,1824000,28197,1824000,28198,1824000,28199,1824000,28193,11,28195,20,28196,0,28196,10,28197,66,28198,10,28198,0,28199,0,
28301,3,28294,2595872,28299,1112052,60320,28199,180000,28304,0,28395,1555200,28295,1555200,28296,1555200,28297,1555200,28298,864000,28300,864000,28301,864000,28302,864000,28294,37,28296,41,28297,54,28298,10,28299,0,28301,10,28302,0,28303,0,
28405,3,28400,2595872,28404,1217838,166106,28304,180000,28408,0,28494,1344000,28400,1555200,28401,1555200,28402,1555200,28403,1824000,28404,1824000,28406,1824000,28407,1824000,28398,25,28401,10,28402,0,28403,0,28404,100,28405,18,28406,9,28407,0,
28499,3,28496,2593448,28498,1272980,221248,28408,180000,28500,0,28595,1555200,28496,1344000,28497,1344000,28497,1344000,28498,1824000,28498,1824000,28499,1824000,28500,1824000,28495,44,28496,12,28497,0,28498,0,28498,75,28499,11,28500,12,28500,10,
28599,3,28596,2593772,28599,1019707,0,28500,180000,28601,0,28695,1555200,28596,1555200,28597,1555200,28598,1555200,28598,1824000,28599,1824000,28600,1824000,28600,1824000,28596,44,28597,33,28598,22,28598,0,28599,0,28599,0,28600,0,28601,0,
28701,3,28697,2593772,28700,1425185,373453,28601,180000,28703,0,28796,1555200,28697,1555200,28698,1555200,28699,1555200,28700,1824000,28700,1824000,28701,1824000,28702,1824000,28696,66,28698,10,28699,0,28699,18,28700,80,28701,0,28702,0,28703,0,
28801,3,28797,2593736,28800,1043793,0,28703,180000,28803,0,28898,1555200,28798,1555200,28799,1555200,28799,1555200,28800,1824000,28800,1824000,28801,1824000,28802,1824000,28797,27,28798,30,28799,10,28800,0,28800,60,28801,10,28802,0,28802,0,
28904,3,28899,2591460,28903,2263272,1211540,28802,180000,28907,0,28998,1555200,28900,1555200,28900,1555200,28901,1555200,28902,1248000,28904,1248000,28905,1248000,28906,1248000,28899,77,28900,80,28901,58,28902,50,28903,54,28904,30,28905,0,28906,27,
29004,3,28999,2591900,29003,2850177,1798445,28907,180000,29006,0,29099,1555200,29000,1555200,29000,1555200,29001,1555200,29002,1824000,29003,1824000,29004,1824000,29005,1824000,28999,50,29000,90,29001,50,29002,50,29003,90,29004,20,29005,20,29005,20,
29104,3,29100,2595608,29103,2651982,1600250,29006,180000,29106,0,29199,1555200,29100,1555200,29101,1555200,29102,1555200,29102,1824000,29103,1824000,29104,1824000,29105,1824000,29099,72,29101,50,29101,50,29102,25,29103,72,29104,10,29105,0,29106,0,
29204,3,29200,2595108,29204,1608854,557122,29106,180000,29207,0,29300,1555200,29201,1555200,29201,1555200,29202,1555200,29203,1824000,29204,1824000,29205,1824000,29206,1824000,29200,63,29201,44,29202,40,29203,25,29203,30,29204,100,29205,10,29206,20,
29305,3,29301,2595568,29304,2339916,1288184,29207,180000,29307,0,29400,1555200,29301,1555200,29302,1555200,29302,1555200,29303,1824000,29304,1824000,29305,1824000,29306,1824000,29300,55,29302,36,29302,27,29303,25,29304,10,29305,50,29306,0,29307,0,
29405,3,29401,2595520,29405,2281179,1229447,29307,180000,29407,0,29500,1478400,29401,1555200,29402,1555200,29403,1555200,29404,1824000,29405,1824000,29406,1824000,29406,1824000,29401,58,29402,37,29403,33,29404,33,29405,70,29405,9,29406,0,29407,10,
29505,3,29502,2594736,29504,1569637,517905,29407,180000,29507,0,29601,1555200,29502,1478400,29503,1478400,29503,1248000,29504,1824000,29505,1824000,29505,1824000,29506,1824000,29501,37,29502,25,29503,20,29504,20,29504,80,29505,10,29506,0,29506,0,
29610,3,29603,2595520,29608,1046731,0,29506,180000,29613,0,29701,1555200,29603,1555200,29605,1555200,29606,1555200,29607,864000,29609,864000,29610,864000,29611,864000,29602,70,29604,25,29606,22,29607,12,29608,10,29610,10,29611,0,29612,0,
29708,3,29703,2595736,29707,1374203,322471,29612,180000,29710,0,29802,1555200,29703,1555200,29704,1555200,29705,1555200,29706,1824000,29707,1824000,29708,1824000,29709,1824000,29702,33,29704,10,29705,20,29706,20,29707,80,29708,18,29709,0,29710,0,
29806,3,29803,2595340,29806,1121488,69756,29710,180000,29808,0,29902,1555200,29803,1555200,29804,1555200,29805,1555200,29805,1824000,29806,1824000,29806,1824000,29807,1824000,29802,11,29804,10,29804,11,29805,0,29806,77,29806,10,29807,0,29807,0,
29911,3,29904,2596308,29909,1176583,124851,29808,180000,29914,0,30003,1555200,29905,1555200,29906,1555200,29907,1555200,29908,864000,29910,864000,29911,864000,29912,864000,29904,42,29906,41,29907,41,29908,27,29909,0,29910,10,29912,0,29913,0,
30010,3,30006,2596308,30009,1224320,172588,29913,180000,30014,0,30103,1555200,30006,1555200,30007,1555200,30008,1555200,30009,1824000,30010,1824000,30010,1824000,30012,1824000,30005,20,30007,0,30008,20,30009,9,30009,90,30010,18,30011,0,30012,0,
30108,3,30105,2595976,30107,1762534,710802,30013,180000,30110,0,30204,1555200,30105,1555200,30105,1555200,30106,1555200,30107,1824000,30107,1824000,30108,1824000,30109,1824000,30104,50,30105,27,30106,20,30107,10,30107,88,30108,11,30109,0,30109,0,
30212,3,30206,2596508,30210,970870,0,30109,180000,30215,0,30304,1555200,30206,1555200,30207,1555200,30208,1555200,30209,864000,30211,864000,30212,864000,30213,864000,30205,33,30207,50,30208,18,30209,20,30210,0,30211,0,30213,0,30214,0,
30310,3,30306,2596088,30309,1404185,352453,30214,180000,30312,0,30405,1555200,30306,1555200,30307,1555200,30308,1555200,30308,1824000,30309,1824000,30310,1824000,30311,1824000,30305,54,30307,30,30308,11,30308,0,30309,77,30310,10,30311,0,30311,0,
30410,3,30406,2595696,30409,938995,0,30311,180000,30412,0,30505,1555200,30406,1555200,30407,1555200,30408,1555200,30408,1824000,30409,1824000,30410,1824000,30411,1824000,30406,0,30407,0,30408,0,30408,0,30409,90,30410,0,30411,0,30411,0,
30514,3,30508,2593956,30513,1003813,0,30412,180000,30517,0,30556,1555200,30508,1555200,30509,1555200,30511,1555200,30512,864000,30513,864000,30514,864000,30516,864000,30507,63,30509,44,30510,33,30511,0,30513,0,30514,10,30515,0,30517,0,
30562,3,30557,2594672,30561,938491,0,30517,180000,30565,0,30656,1555200,30558,1555200,30559,1555200,30560,1555200,30561,1248000,30561,1248000,30562,1248000,30563,1248000,30557,66,30558,33,30559,0,30560,28,30561,0,30562,75,30563,0,30564,0,
30662,3,30658,2594920,30661,769069,0,30564,180000,30664,0,30756,1478400,30658,1555200,30659,1555200,30659,1555200,30660,1824000,30661,1824000,30662,1824000,30663,1824000,30657,22,30658,10,30659,10,30660,0,30661,10,30662,100,30662,0,30663,0,
30761,3,30758,2594732,30761,1441408,389676,30663,180000,30763,0,30857,1555200,30758,1478400,30759,1478400,30760,1478400,30760,1824000,30761,1824000,30762,1824000,30762,1824000,30757,40,30759,11,30759,11,30760,0,30761,10,30761,40,30762,0,30763,0,
30864,3,30859,2596032,30863,1327938,276206,30763,180000,30866,0,30957,1555200,30859,1555200,30860,1555200,30861,1555200,30862,1248000,30863,1248000,30864,1248000,30865,1248000,30858,44,30860,20,30861,30,30862,11,30863,40,30864,10,30865,0,30866,0,
30964,3,30959,2593544,30963,1892297,840565,30866,180000,30966,0,31058,1555200,30959,1555200,30960,1555200,30961,1555200,30962,1824000,30963,1824000,30964,1824000,30965,1824000,30958,33,30960,41,30960,30,30962,22,30963,100,30964,10,30965,0,30965,0,
31062,3,31059,2595772,31062,1909487,857755,30966,180000,31064,0,31159,1555200,31059,1555200,31060,1555200,31061,1555200,31061,1824000,31062,1824000,31062,1824000,31063,1824000,31059,72,31060,44,31060,54,31061,40,31062,33,31062,0,31063,0,31064,0,
31166,3,31161,2596632,31165,1497754,446022,31064,180000,31169,42,31259,1555200,31161,1555200,31162,1555200,31163,1555200,31165,1536000,31165,1536000,31166,1536000,31167,1536000,31160,50,31162,33,31163,40,31164,33,31165,54,31166,18,31167,0,31168,0,
31264,3,31261,2597144,31264,1835524,783792,31168,180000,31266,42,31360,1555200,31261,1555200,31262,1555200,31262,1555200,31263,1824000,31264,1824000,31265,1824000,31265,1824000,31260,60,31261,54,31262,33,31263,33,31264,0,31264,10,31265,100,31266,0,
31365,3,31361,2595464,31364,2635149,1583417,31266,180000,31366,42,31460,1555200,31361,1555200,31362,1555200,31363,1555200,31363,1824000,31364,1824000,31365,1824000,31365,1824000,31361,37,31362,50,31363,40,31363,25,31364,10,31365,10,31365,40,31366,0,
31467,3,31462,2596760,31466,2310430,1258698,31366,180000,31470,42,31561,1555200,31462,1555200,31463,1555200,31464,1555200,31465,1824000,31466,1824000,31467,1824000,31468,1824000,31461,70,31463,45,31464,11,31465,20,31465,40,31467,9,31468,0,31469,0,
31565,3,31562,2596368,31565,1928883,877151,31469,180000,31567,42,31661,1248000,31562,1555200,31563,1555200,31564,1555200,31564,1824000,31565,1824000,31566,1824000,31566,1824000,31561,28,31563,11,31564,22,31564,20,31565,90,31565,11,31566,0,31567,0,
31669,3,31663,2596428,31668,1155140,103408,31567,180000,31672,42,31762,1555200,31664,1248000,31665,1248000,31666,1248000,31667,864000,31668,864000,31670,864000,31671,864000,31663,25,31665,12,31666,45,31667,45,31668,0,31669,9,31670,0,31672,0,
31770,3,31766,2597160,31769,2227291,1175559,31672,180000,31772,42,31862,1248000,31766,1555200,31767,1555200,31768,1555200,31768,1824000,31769,1824000,31770,1824000,31771,1824000,31764,60,31767,36,31767,30,31768,18,31769,80,31770,10,31770,0,31771,0,
31868,3,31864,2596664,31867,1562817,511085,31771,180000,31869,42,31963,1555200,31864,1248000,31865,1248000,31866,1248000,31866,1824000,31867,1824000,31868,1824000,31868,1824000,31863,22,31865,18,31866,10,31866,10,31867,80,31867,10,31868,0,31869,0,
31971,3,31965,2597500,31970,1638105,586373,31869,180000,31974,0,32064,1555200,31965,1555200,31967,1555200,31968,1555200,31969,864000,31971,864000,31972,864000,31973,864000,31964,80,31967,44,31968,33,31969,0,31970,0,31971,10,31972,0,31974,0,
32069,3,32065,2597960,32068,1496606,444874,31974,180000,32071,0,32164,1555200,32066,1555200,32066,1555200,32067,1555200,32068,1824000,32069,1824000,32069,1824000,32070,1824000,32065,33,32066,11,32067,27,32068,33,32068,77,32069,20,32070,0,32071,0,
32169,3,32166,2597224,32169,1225798,174066,32071,305000,32171,0,32265,1555200,32166,1555200,32167,1555200,32167,1555200,32168,1824000,32169,1824000,32169,1824000,32170,1824000,32165,20,32166,11,32167,0,32168,9,32168,80,32169,0,32170,0,32170,0,
32273,3,32267,2597748,32272,1168725,116993,32170,180000,32277,0,32366,1555200,32268,1555200,32269,1555200,32270,1555200,32271,864000,32272,864000,32274,864000,32275,864000,32266,54,32268,40,32270,44,32271,25,32272,0,32273,10,32275,0,32276,0,
32372,3,32368,2597632,32371,1189158,137426,32276,180000,32376,0,32466,1478400,32368,1555200,32369,1555200,32370,1555200,32371,1824000,32372,1824000,32373,1824000,32375,1824000,32367,11,32369,20,32370,0,32370,0,32371,100,32372,0,32374,0,32375,0,
32471,3,32468,2597240,32470,1362312,310580,32375,180000,32472,0,32567,1248000,32468,1478400,32469,1478400,32469,1478400,32470,1824000,32470,1824000,32471,1824000,32472,1824000,32467,50,32469,12,32469,12,32470,33,32470,70,32471,10,32471,0,32472,0,
32574,3,32569,2597872,32573,567665,0,32472,180000,32577,0,32667,1555200,32569,1248000,32570,1248000,32571,1248000,32572,864000,32574,864000,32575,864000,32576,864000,32568,37,32570,22,32571,36,32572,0,32573,0,32574,10,32576,0,32577,0,
32674,3,32669,2598376,32673,1568106,516374,32577,180000,32677,0,32768,1555200,32669,1555200,32670,1555200,32671,1555200,32672,1824000,32673,1824000,32674,1824000,32676,1824000,32668,66,32670,33,32671,54,32672,33,32673,22,32674,70,32675,0,32677,0,
32772,3,32769,2597976,32771,1482545,430813,32677,180000,32774,0,32868,1555200,32769,1555200,32770,1555200,32770,1555200,32771,1824000,32772,1824000,32772,1824000,32773,1824000,32768,44,32770,36,32770,12,32771,10,32771,10,32772,66,32773,0,32774,0,
32876,3,32870,2598560,32875,1917535,865803,32774,180000,32879,0,32969,1555200,32870,1555200,32872,1555200,32873,1555200,32874,864000,32875,864000,32876,864000,32878,864000,32869,50,32871,70,32873,54,32874,0,32875,18,32876,0,32877,0,32878,0,
32975,3,32970,2598808,32974,1376370,324638,32879,180000,32976,0,33069,1248000,32971,1555200,32972,1555200,32972,1555200,32973,1824000,32974,1824000,32975,1824000,32975,1824000,32969,40,32971,10,32972,0,32973,11,32974,100,32974,10,32975,0,32976,0,
33074,3,33071,2598920,33073,1217324,165592,32976,180000,33075,0,33170,1555200,33071,1248000,33071,1248000,33072,1248000,33073,1824000,33073,1824000,33074,1824000,33075,1824000,33070,37,33071,22,33072,20,33072,22,33073,66,33074,10,33074,0,33075,0,
33178,3,33171,2599212,33177,1505617,453885,33075,180000,33181,27,33270,1555200,33172,1555200,33173,1555200,33174,1555200,33176,864000,33177,864000,33178,864000,33179,864000,33171,57,33173,57,33174,54,33175,25,33176,10,33178,9,33179,0,33180,0,
33277,3,33273,2599228,33277,1627487,575755,33180,180000,33280,27,33371,1248000,33273,1555200,33274,1555200,33275,1555200,33276,1824000,33277,1824000,33278,1824000,33279,1824000,33272,22,33274,0,33275,22,33275,11,33276,100,33277,11,33278,0,33279,0,
33376,3,33372,2599168,33375,1623076,571344,33279,180000,33377,27,33471,1555200,33372,1248000,33373,1248000,33374,1248000,33374,1824000,33375,1824000,33376,1824000,33376,1824000,33371,60,33373,25,33374,22,33374,12,33375,70,33375,0,33376,0,33377,0,
33479,3,33473,2599144,33478,1285608,233876,33377,180000,33482,0,33572,1555200,33474,1555200,33475,1555200,33476,1555200,33477,864000,33478,864000,33480,864000,33481,864000,33472,62,33475,25,33476,22,33477,25,33478,20,33479,0,33481,0,33482,0,
33579,3,33574,2599564,33578,1240139,188407,33482,180000,33580,0,33672,1555200,33575,1555200,33576,1555200,33577,1555200,33577,1824000,33578,1824000,33579,1824000,33579,1824000,33573,22,33576,20,33576,0,33577,0,33578,100,33579,0,33579,10,33580,0,
33677,3,33674,2598780,33676,1282115,230383,33580,180000,33678,0,33773,1555200,33674,1555200,33674,1555200,33675,1555200,33676,1824000,33676,1824000,33677,1824000,33678,1824000,33673,54,33674,30,33675,0,33676,11,33676,54,33677,0,33677,10,33678,0,
33781,3,33775,2599444,33780,920458,0,33678,180000,33784,0,33873,1555200,33775,1555200,33776,1555200,33777,1555200,33779,864000,33780,864000,33781,864000,33782,864000,33774,54,33776,12,33777,30,33778,15,33779,11,33781,0,33782,9,33783,0,
33878,3,33874,2599444,33877,1430152,378420,33783,180000,33880,0,33974,1344000,33874,1555200,33875,1555200,33876,1555200,33876,1824000,33877,1824000,33878,1824000,33879,1824000,33874,44,33875,11,33876,0,33876,10,33877,100,33878,0,33878,10,33879,0,
33979,3,33976,2599052,33978,718947,0,33879,180000,33980,0,34075,1555200,33976,1344000,33977,1344000,33977,1344000,33978,1824000,33978,1824000,33979,1824000,33980,1824000,33975,27,33976,25,33977,9,33978,0,33978,30,33979,0,33980,0,33980,0,
34081,3,34076,2599688,34080,1321460,269728,33980,180000,34083,0,34175,1555200,34076,1555200,34077,1555200,34078,1555200,34079,1248000,34080,1248000,34081,1248000,34082,1248000,34076,60,34077,25,34078,44,34079,40,34080,22,34081,0,34082,0,34082,0,
34181,3,34177,2599528,34180,938995,0,34083,180000,34183,0,34276,1555200,34177,1555200,34178,1555200,34178,1555200,34179,1824000,34180,1824000,34181,1824000,34182,1824000,34176,0,34178,0,34178,0,34179,0,34180,100,34181,0,34181,10,34182,0,
34281,3,34277,2599700,34280,1344249,292517,34182,180000,34284,0,34376,1555200,34277,1555200,34278,1555200,34279,1555200,34280,1824000,34281,1824000,34282,1824000,34282,1824000,34277,62,34278,36,34279,12,34279,12,34280,40,34281,0,34282,10,34283,0,
34381,3,34378,2598108,34381,1259917,208185,34283,180000,34383,0,34477,1555200,34378,1555200,34379,1555200,34379,1555200,34380,1824000,34381,1824000,34382,1824000,34382,1824000,34377,45,34378,50,34379,10,34380,0,34380,44,34381,10,34382,18,34383,0,
34482,3,34478,2598108,34481,1667969,616237,34383,180000,34484,0,34577,1555200,34478,1555200,34479,1555200,34480,1555200,34481,1824000,34481,1824000,34482,1824000,34483,1824000,34478,33,34479,11,34480,11,34480,10,34481,100,34482,0,34483,10,34484,0,
34582,3,34579,2598020,34582,1037288,0,34484,180000,34584,0,34678,1555200,34579,1555200,34580,1555200,34580,1555200,34581,1824000,34582,1824000,34582,1824000,34583,1824000,34578,50,34580,12,34580,16,34581,30,34581,18,34582,0,34583,18,34584,0,
34684,3,34680,2598352,34683,1366219,314487,34584,180000,34686,0,34778,1555200,34680,1555200,34681,1555200,34682,1555200,34683,1536000,34684,1536000,34684,1536000,34685,1536000,34679,66,34681,30,34681,22,34682,0,34683,50,34684,0,34685,9,34686,0,
34784,3,34780,2598156,34783,1238811,187079,34686,180000,34787,0,34879,1478400,34780,1555200,34781,1555200,34781,1555200,34782,1824000,34783,1824000,34784,1824000,34785,1824000,34779,22,34780,11,34781,0,34782,0,34783,100,34784,0,34785,10,34786,0,
34884,3,34880,2598120,34883,932348,0,34787,180000,34885,0,34979,1555200,34881,1478400,34881,1478400,34882,1478400,34882,1824000,34883,1824000,34884,1824000,34885,1824000,34880,25,34881,40,34882,18,34882,30,34883,10,34884,0,34884,10,34885,0,
34986,3,34981,2598860,34985,1421636,369904,34885,180000,34988,0,35081,1344000,34981,1555200,34982,1555200,34983,1555200,34984,1536000,34985,1536000,34986,1536000,34987,1536000,34980,66,34982,30,34983,30,34984,20,34985,40,34986,0,34986,10,34987,0,
35087,3,35082,2598664,35086,1498915,447183,34987,180000,35088,0,35181,1555200,35083,1344000,35084,1344000,35084,1344000,35085,1824000,35086,1824000,35087,1824000,35087,1824000,35082,30,35084,27,35084,20,35085,10,35086,100,35087,0,35087,10,35088,0,
35188,3,35182,2598640,35187,1065859,14127,35088,180000,35191,0,35282,1555200,35182,1555200,35183,1555200,35185,1555200,35186,864000,35187,864000,35189,864000,35190,864000,35182,55,35183,22,35184,40,35186,10,35187,22,35188,0,35190,9,35191,0,
35291,3,35284,2599144,35289,1097574,45842,35191,180000,35293,0,35382,1478400,35285,1555200,35286,1555200,35287,1555200,35289,1824000,35290,1824000,35291,1824000,35292,1824000,35283,41,35286,20,35287,10,35288,0,35289,60,35290,0,35292,11,35293,0,
35388,3,35383,2599036,35387,1516687,464955,35293,305000,35390,0,35482,1555200,35384,1478400,35384,1478400,35385,1478400,35386,1824000,35387,1824000,35388,1824000,35388,1824000,35383,40,35384,12,35385,0,35386,20,35387,100,35388,0,35388,18,35389,0,
35488,3,35484,2598920,35487,1079621,27889,35389,180000,35490,0,35583,1555200,35484,1555200,35485,1555200,35486,1555200,35487,1824000,35487,1824000,35488,1824000,35489,1824000,35483,36,35485,40,35486,33,35486,18,35487,0,35488,0,35489,10,35489,0,
35590,3,35585,2599036,35589,1611607,559875,35490,180000,35592,0,35683,1555200,35585,1555200,35586,1555200,35587,1555200,35588,1824000,35589,1824000,35590,1824000,35591,1824000,35584,57,35586,22,35587,11,35588,30,35589,70,35590,0,35591,9,35592,0,
35688,3,35685,2598500,35687,1223579,171847,35592,180000,35689,0,35784,1555200,35685,1555200,35686,1555200,35686,1555200,35687,1824000,35687,1824000,35688,1824000,35689,1824000,35684,30,35686,11,35686,0,35687,0,35687,90,35688,0,35689,0,35689,0,
35791,3,35786,2598592,35790,1111364,59632,35689,180000,35795,0,35884,1555200,35786,1555200,35787,1555200,35788,1555200,35790,960000,35791,960000,35792,960000,35793,960000,35785,50,35787,25,35788,36,35789,44,35790,0,35791,0,35793,43,35794,0,
35890,3,35886,2599596,35889,1949796,898064,35794,180000,35892,0,35985,1555200,35886,1555200,35887,1555200,35888,1555200,35888,1824000,35889,1824000,35890,1824000,35891,1824000,35885,50,35887,44,35887,16,35888,27,35889,88,35890,0,35890,10,35891,0,
35989,3,35986,2598812,35989,1347002,295270,35891,180000,35991,0,36085,1555200,35986,1555200,35987,1555200,35987,1555200,35988,1824000,35989,1824000,35989,1824000,35990,1824000,35986,12,35987,36,35987,0,35988,22,35989,80,35989,0,35990,0,35990,0,
36094,3,36087,2599560,36092,1398168,346436,35991,180000,36098,0,36186,1555200,36087,1555200,36089,1555200,36090,1555200,36091,864000,36093,864000,36095,864000,36096,864000,36086,72,36088,50,36090,45,36091,28,36092,0,36094,0,36096,9,36097,0,
36192,3,36187,2599772,36191,1638084,586352,36098,180000,36195,0,36286,1248000,36187,1555200,36188,1555200,36189,1555200,36190,1824000,36192,1824000,36193,1824000,36194,1824000,36187,37,36188,12,36189,12,36190,33,36191,100,36192,0,36194,11,36194,0,
36291,3,36288,2599228,36290,1229364,177632,36195,180000,36292,0,36387,1555200,36288,1248000,36288,1248000,36289,1248000,36290,1824000,36290,1824000,36291,1824000,36291,1824000,36287,30,36288,22,36289,22,36290,20,36290,70,36291,0,36291,0,36292,0,
36396,3,36389,2598320,36395,1476248,424516,36292,180000,36400,0,36487,1248000,36390,1555200,36391,1555200,36392,1555200,36394,864000,36395,864000,36397,864000,36398,864000,36388,70,36391,63,36392,36,36394,33,36395,10,36396,0,36398,9,36399,0,
36493,3,36489,2598176,36492,1103732,52000,36399,180000,36495,0,36588,1248000,36489,1248000,36490,1248000,36491,1248000,36492,1824000,36493,1824000,36494,1824000,36494,1824000,36488,10,36490,9,36491,0,36492,9,36492,100,36493,0,36494,11,36495,0,
36592,3,36589,2598032,36592,1417972,366240,36495,180000,36595,0,36688,1555200,36589,1248000,36590,1248000,36591,1248000,36591,1824000,36592,1824000,36593,1824000,36593,1824000,36588,60,36590,33,36590,40,36591,12,36592,63,36592,0,36593,9,36594,0,
36698,3,36690,2599284,36696,1166403,114671,36594,180000,36701,0,36788,1478400,36691,1555200,36692,1555200,36693,1555200,36695,864000,36697,864000,36698,864000,36700,864000,36690,72,36692,25,36693,40,36694,10,36696,10,36698,0,36699,10,36701,0,
36794,3,36790,2599336,36793,1111841,60109,36701,180000,36797,0,36889,1555200,36790,1478400,36791,1478400,36792,1478400,36793,1824000,36793,1824000,36794,1824000,36795,1824000,36789,22,36791,0,36792,0,36792,0,36793,100,36794,0,36795,11,36796,0,
36894,3,36890,2599128,36893,981482,0,36796,180000,36896,0,36989,1555200,36890,1555200,36891,1555200,36892,1555200,36893,1824000,36893,1824000,36894,1824000,36895,1824000,36890,12,36891,27,36892,0,36892,18,36893,50,36894,0,36895,9,36895,0,
36999,3,36991,2600160,36997,1255233,203501,36895,180000,37002,0,37090,1555200,36992,1555200,36993,1555200,36995,1555200,36996,864000,36998,864000,36999,864000,37000,864000,36991,42,36993,33,36994,54,36996,30,36997,11,36999,0,37000,10,37001,0,
37097,3,37091,2600424,37096,1354070,302338,37001,180000,37099,0,37190,1555200,37091,1555200,37092,1555200,37094,1555200,37095,1824000,37096,1824000,37097,1824000,37098,1824000,37091,36,37092,0,37093,18,37094,0,37095,100,37097,0,37097,10,37098,0,
37195,3,37191,2599216,37194,1915304,863572,37098,180000,37197,0,37291,1555200,37192,1555200,37192,1555200,37193,1555200,37194,1824000,37195,1824000,37196,1824000,37196,1824000,37191,80,37192,33,37193,33,37194,36,37194,55,37195,0,37196,44,37197,0,
37298,3,37293,2601120,37297,2209933,1158201,37197,180000,37301,28,37391,1555200,37293,1555200,37294,1555200,37295,1555200,37296,1440000,37297,1440000,37298,1440000,37299,1440000,37292,66,37294,63,37295,60,37296,44,37297,20,37298,10,37299,10,37300,10,
37398,3,37394,2599032,37397,1794397,742665,37300,180000,37400,28,37492,1555200,37394,1555200,37395,1555200,37396,1555200,37397,1824000,37397,1824000,37398,1824000,37399,1824000,37393,33,37395,11,37396,0,37396,10,37397,100,37398,11,37399,18,37400,10,
37496,3,37493,2598156,37496,1967259,915527,37400,180000,37498,28,37593,1555200,37493,1555200,37494,1555200,37495,1555200,37495,1824000,37496,1824000,37497,1824000,37497,1824000,37493,66,37494,33,37494,33,37495,0,37496,40,37496,0,37497,10,37497,0,
37601,3,37595,2599008,37600,1648386,596654,37498,180000,37604,28,37693,1248000,37595,1555200,37596,1555200,37598,1555200,37599,864000,37600,864000,37601,864000,37602,864000,37594,63,37596,66,37597,12,37598,33,37600,10,37601,0,37602,10,37604,0,
37699,3,37695,2599008,37698,1480275,428543,37604,180000,37701,0,37794,1248000,37695,1248000,37696,1248000,37697,1248000,37698,1824000,37699,1824000,37699,1824000,37700,1824000,37694,27,37696,10,37697,10,37698,0,37698,100,37699,0,37700,10,37701,0,
37799,3,37795,2599212,37798,1092019,40287,37701,180000,37800,0,37894,1555200,37796,1248000,37796,1248000,37797,1248000,37798,1824000,37798,1824000,37799,1824000,37800,1824000,37795,54,37796,22,37797,0,37797,30,37798,50,37799,0,37799,0,37800,0,
37902,3,37896,2599108,37901,860411,0,37800,180000,37906,0,37995,1555200,37896,1555200,37897,1555200,37899,1555200,37900,864000,37901,864000,37902,864000,37904,864000,37895,70,37897,40,37898,10,37900,0,37901,0,37902,0,37904,9,37905,0,
38000,3,37996,2599356,37999,1580724,528992,37905,180000,38002,0,38095,1248000,37996,1555200,37997,1555200,37998,1555200,37999,1824000,38000,1824000,38000,1824000,38001,1824000,37995,58,37997,10,37998,18,37999,0,37999,100,38000,0,38001,0,38002,0,
38100,3,38097,2598872,38099,757890,0,38002,180000,38101,0,38195,1478400,38097,1248000,38097,1248000,38098,1248000,38099,1824000,38099,1824000,38100,1824000,38101,1824000,38096,0,38097,30,38098,9,38098,0,38099,60,38100,0,38100,0,38101,0,
38205,3,38198,2599584,38204,1183498,131766,38101,180000,38208,0,38296,1555200,38198,1478400,38200,1478400,38201,1478400,38202,864000,38204,864000,38205,864000,38206,864000,38197,57,38199,28,38201,60,38202,27,38203,18,38205,0,38206,10,38207,0,
38301,3,38298,2597700,38300,2501772,1450040,38207,180000,38303,0,38397,1555200,38298,1555200,38299,1555200,38299,1555200,38300,1824000,38301,1824000,38301,1824000,38302,1824000,38297,72,38298,80,38299,66,38300,55,38300,55,38301,11,38302,0,38302,40,
38403,3,38399,2598920,38402,2333589,1281857,38303,180000,38405,0,38497,1555200,38399,1555200,38400,1555200,38401,1555200,38402,1824000,38402,1824000,38403,1824000,38404,1824000,38398,50,38400,42,38401,50,38401,25,38402,70,38403,30,38404,20,38404,10,
38502,3,38499,2599140,38501,2047606,995874,38405,180000,38505,0,38598,1555200,38499,1555200,38499,1555200,38500,1555200,38501,1728000,38502,1728000,38502,1728000,38503,1728000,38498,72,38499,61,38500,44,38500,30,38501,0,38502,0,38503,9,38504,10,
38604,3,38600,2598944,38603,2334966,1283234,38504,180000,38606,0,38698,1248000,38600,1555200,38601,1555200,38602,1555200,38602,1824000,38603,1824000,38604,1824000,38605,1824000,38599,63,38601,50,38601,45,38602,14,38603,100,38604,0,38605,10,38605,0,
38702,3,38699,2598800,38702,927448,0,38606,180000,38704,0,38798,1555200,38699,1248000,38700,1248000,38701,1248000,38701,1824000,38702,1824000,38702,1824000,38703,1824000,38699,22,38700,30,38700,11,38701,10,38702,50,38702,0,38703,10,38703,10,
38806,3,38800,2599532,38805,1630591,578859,38704,180000,38809,0,38899,1555200,38801,1555200,38802,1555200,38803,1555200,38804,864000,38805,864000,38807,864000,38808,864000,38800,80,38801,25,38803,50,38804,40,38805,16,38806,0,38807,10,38809,0,
38904,3,38900,2599840,38903,1504642,452910,38809,305000,38906,0,38999,1344000,38900,1555200,38901,1555200,38902,1555200,38903,1824000,38904,1824000,38904,1824000,38905,1824000,38900,44,38901,20,38902,11,38903,0,38903,100,38904,0,38905,10,38906,0,
39004,3,39001,2599056,39003,786756,0,38906,180000,39006,0,39100,1555200,39001,1344000,39001,1344000,39002,1344000,39003,1824000,39004,1824000,39004,1824000,39005,1824000,39000,12,39001,0,39002,11,39003,0,39003,60,39004,0,39005,9,39006,0,
39108,3,39101,2599804,39106,1210214,158482,39006,180000,39111,0,39200,1555200,39102,1555200,39103,1555200,39104,1555200,39105,864000,39107,864000,39108,864000,39109,864000,39101,76,39103,30,39104,33,39105,18,39106,0,39107,0,39109,10,39110,0,
39206,3,39202,2600228,39205,1253688,201956,39110,180000,39210,0,39300,1478400,39202,1555200,39203,1555200,39204,1344000,39205,1824000,39206,1824000,39207,1824000,39208,1824000,39201,30,39202,10,39204,0,39205,0,39205,100,39206,0,39207,10,39209,0,
39305,3,39302,2599532,39305,1403500,351768,39209,180000,39307,0,39401,1555200,39302,1478400,39302,1478400,39303,1478400,39304,1824000,39305,1824000,39305,1824000,39306,1824000,39301,50,39302,12,39303,27,39304,10,39305,70,39305,0,39306,10,39306,0,
39409,3,39403,2600136,39408,982991,0,39307,180000,39412,0,39501,1555200,39403,1555200,39404,1555200,39405,1555200,39407,864000,39408,864000,39409,864000,39410,864000,39402,54,39404,40,39405,30,39406,0,39407,0,39409,0,39410,10,39411,0,
39507,3,39503,2600204,39507,1546974,495242,39411,180000,39509,0,39602,1248000,39503,1555200,39504,1555200,39505,1555200,39506,1824000,39507,1824000,39508,1824000,39508,1824000,39502,63,39504,10,39505,10,39506,11,39506,90,39507,0,39508,10,39509,0,
39607,3,39603,2600008,39606,855923,0,39509,180000,39608,0,39702,1555200,39604,1248000,39604,1248000,39605,1248000,39605,1824000,39606,1824000,39607,1824000,39607,1824000,39603,10,39604,0,39605,11,39605,0,39606,70,39607,0,39607,10,39608,0,
39710,3,39704,2600424,39709,1348665,296933,39608,180000,39713,0,39803,1555200,39705,1555200,39706,1555200,39707,1555200,39708,864000,39709,864000,39710,864000,39712,864000,39704,55,39705,55,39707,40,39708,25,39709,0,39710,0,39711,10,39712,0,
39809,3,39805,2600736,39808,1332559,280827,39713,180000,39811,0,39903,1555200,39805,1555200,39806,1555200,39807,1555200,39808,1824000,39808,1824000,39809,1824000,39810,1824000,39804,30,39806,11,39806,10,39807,0,39808,100,39809,0,39810,18,39811,0,
39908,3,39905,2600148,39907,1184820,133088,39811,180000,39909,0,40004,1555200,39905,1555200,39906,1555200,39906,1555200,39907,1824000,39908,1824000,39908,1824000,39909,1824000,39904,30,39906,10,39906,10,39907,0,39907,70,39908,0,39909,0,39909,0,
40012,3,40006,2601080,40011,846071,0,39909,180000,40015,0,40104,1478400,40006,1555200,40007,1555200,40009,1555200,40010,864000,40011,864000,40012,864000,40014,864000,40005,55,40007,30,40008,11,40010,22,40011,0,40012,0,40013,9,40014,0,
40110,3,40106,2601592,40109,1425321,373589,40015,180000,40113,0,40205,1555200,40106,1478400,40107,1478400,40108,1478400,40108,1824000,40109,1824000,40110,1824000,40111,1824000,40105,40,40107,20,40107,0,40108,10,40109,100,40110,0,40111,0,40112,0,
40209,3,40206,2600712,40209,1166373,114641,40112,180000,40211,0,40305,1555200,40206,1555200,40207,1555200,40208,1555200,40208,1824000,40209,1824000,40209,1824000,40210,1824000,40206,44,40207,27,40208,0,40208,0,40209,70,40209,0,40210,10,40211,0,
40315,3,40308,2601464,40314,1739452,687720,40211,180000,40319,0,40406,1555200,40308,1555200,40310,1555200,40311,1555200,40313,864000,40314,960000,40316,960000,40317,960000,40307,54,40309,63,40311,62,40312,40,40314,27,40315,25,40317,10,40318,0,
40411,3,40407,2593988,40410,2070483,1018751,40319,180000,40414,0,40506,1555200,40407,1555200,40408,1555200,40409,1555200,40409,1824000,40410,1824000,40411,1824000,40412,1824000,40406,62,40408,66,40408,42,40409,70,40410,25,40411,44,40412,22,40413,70,
40511,3,40507,2595260,40510,2867130,1815398,40414,180000,40512,0,40607,1555200,40508,1555200,40508,1555200,40509,1555200,40509,1824000,40510,1824000,40511,1824000,40511,1824000,40507,37,40508,44,40509,36,40509,0,40510,80,40511,100,40511,10,40512,20,
40612,3,40608,2597184,40611,2702861,1651129,40512,180000,40614,0,40707,1555200,40608,1555200,40609,1555200,40610,1555200,40611,1824000,40612,1824000,40612,1824000,40613,1824000,40607,50,40609,70,40610,44,40611,27,40611,12,40612,100,40613,10,40614,0,
40712,3,40708,2598040,40711,2853811,1802079,40614,180000,40714,53,,,40709,1555200,40709,1555200,40710,1555200,40711,1824000,40711,1824000,40712,1824000,40713,1824000,40708,55,40709,30,40710,11,40711,27,40711,100,40712,100,40713,0,40714,10,
,,,,,,,40714,180000,,,,,,,,,,,,,,,,,,,,,,,,,,,,,,,,,,,
,,,,,,,,,,,,,,,,,,,,,,,,,,,,,,,,,,,,,,,,,,,

System Statistics:
Sensor Id,Name,Type,Average
206,"Battery Status",Battery Status,3.0
328,"Memory Usage",Memory Usage [KB],2594398.918918919
332,"Battery Power*",Power [uW],383049.8402948403
400,"GPU Frequency",GPU Frequency [KHz],168468.13725490196
401,"GPU Load",GPU Load [%],2.307125307125307
1000,"CPU1 Frequency",CPU Frequency [kHz],1512412.7764127764
1001,"CPU2 Frequency",CPU Frequency [kHz],1511657.9852579853
1002,"CPU3 Frequency",CPU Frequency [kHz],1511657.9852579853
1003,"CPU4 Frequency",CPU Frequency [kHz],1511764.1277641277
1004,"CPU5 Frequency",CPU Frequency [kHz],1611903.6855036856
1005,"CPU6 Frequency",CPU Frequency [kHz],1617328.746928747
1006,"CPU7 Frequency",CPU Frequency [kHz],1621197.0515970516
1007,"CPU8 Frequency",CPU Frequency [kHz],1624499.2628992628
1096,"CPU1 Load",CPU Load [%],43.894348894348894
1097,"CPU2 Load",CPU Load [%],27.832923832923832
1098,"CPU3 Load",CPU Load [%],20.60933660933661
1099,"CPU4 Load",CPU Load [%],14.341523341523342
1100,"CPU5 Load",CPU Load [%],48.712530712530715
1101,"CPU6 Load",CPU Load [%],12.99017199017199
1102,"CPU7 Load",CPU Load [%],5.221130221130221
1103,"CPU8 Load",CPU Load [%],3.6584766584766584


